seed,variant,epoch,ADE,FDE
42,social,1,0.6551254391670227,1.2059495449066162
42,social,2,0.6602560877799988,1.2288802862167358
42,social,3,0.7890632152557373,1.4915571212768555
42,social,4,0.6446346044540405,1.22024405002594
42,social,5,0.5732264518737793,1.0985530614852905
42,social,6,0.6636755466461182,1.2705097198486328
42,social,7,0.5898820757865906,1.107114315032959
42,social,8,0.520684003829956,1.0080302953720093
42,social,9,0.6233687996864319,1.160484790802002
42,social,10,0.6092966198921204,1.166466236114502
42,no_neighbours,1,0.6514630913734436,1.203693151473999
42,no_neighbours,2,0.6332960724830627,1.1750247478485107
42,no_neighbours,3,0.7131270170211792,1.3488141298294067
42,no_neighbours,4,0.5686913728713989,1.0242692232131958
42,no_neighbours,5,0.6243236660957336,1.2430500984191895
42,no_neighbours,6,0.5538252592086792,1.0848811864852905
42,no_neighbours,7,0.5307366251945496,1.024714708328247
42,no_neighbours,8,0.47788116335868835,0.9437288641929626
42,no_neighbours,9,0.5193617939949036,0.9944906830787659
42,no_neighbours,10,0.5205943584442139,0.9920564293861389
42,small_grid,1,0.6588537096977234,1.2204433679580688
42,small_grid,2,0.6531320214271545,1.2168562412261963
42,small_grid,3,0.7724480032920837,1.463076114654541
42,small_grid,4,0.6046565175056458,1.1346819400787354
42,small_grid,5,0.5986292958259583,1.1703718900680542
42,small_grid,6,0.5460534691810608,1.0592087507247925
42,small_grid,7,0.6562769412994385,1.2778199911117554
42,small_grid,8,0.5727409720420837,1.1071085929870605
42,small_grid,9,0.5972990393638611,1.1261829137802124
42,small_grid,10,0.5975998044013977,1.1272979974746704
42,large_grid,1,0.6669448018074036,1.218485713005066
42,large_grid,2,0.6796335577964783,1.2562576532363892
42,large_grid,3,0.814469575881958,1.5333372354507446
42,large_grid,4,0.659730076789856,1.252282977104187
42,large_grid,5,0.5942241549491882,1.11436927318573
42,large_grid,6,0.5843215584754944,1.1069992780685425
42,large_grid,7,0.5573329925537109,1.0156117677688599
42,large_grid,8,0.6039870977401733,1.1330862045288086
42,large_grid,9,0.6018181443214417,1.1376492977142334
42,large_grid,10,0.537756621837616,1.003611445426941
43,social,1,0.8183134198188782,1.5024033784866333
43,social,2,0.7410916090011597,1.35309898853302
43,social,3,0.6416820883750916,1.1924057006835938
43,social,4,0.6250601410865784,1.1467937231063843
43,social,5,0.6344016194343567,1.1967171430587769
43,social,6,0.6681167483329773,1.2501031160354614
43,social,7,0.5930956602096558,1.1263682842254639
43,social,8,0.4833788275718689,0.9305230975151062
43,social,9,0.6207271218299866,1.178374171257019
43,social,10,0.562692403793335,1.072820782661438
43,no_neighbours,1,0.7677035331726074,1.407911777496338
43,no_neighbours,2,0.719467282295227,1.3200970888137817
43,no_neighbours,3,0.5341979265213013,0.9976652264595032
43,no_neighbours,4,0.5832417011260986,1.0739144086837769
43,no_neighbours,5,0.5791722536087036,1.0986980199813843
43,no_neighbours,6,0.7265104651451111,1.3991175889968872
43,no_neighbours,7,0.5273985266685486,1.0238404273986816
43,no_neighbours,8,0.4747648239135742,0.930974543094635
43,no_neighbours,9,0.5490409731864929,1.0879077911376953
43,no_neighbours,10,0.4398997128009796,0.8720716834068298
43,small_grid,1,0.7951422929763794,1.4615684747695923
43,small_grid,2,0.7603179216384888,1.4002361297607422
43,small_grid,3,0.6185123920440674,1.1567391157150269
43,small_grid,4,0.6492151618003845,1.2212680578231812
43,small_grid,5,0.6040382385253906,1.128127098083496
43,small_grid,6,0.7107160091400146,1.3437937498092651
43,small_grid,7,0.6579055786132812,1.255541443824768
43,small_grid,8,0.521682858467102,1.0074948072433472
43,small_grid,9,0.6061985492706299,1.1575311422348022
43,small_grid,10,0.5099561810493469,0.9971671104431152
43,large_grid,1,0.8169400691986084,1.5115547180175781
43,large_grid,2,0.7472540736198425,1.3734889030456543
43,large_grid,3,0.5694911479949951,1.0516233444213867
43,large_grid,4,0.6064969301223755,1.13363778591156
43,large_grid,5,0.6131225824356079,1.1326340436935425
43,large_grid,6,0.5800948739051819,1.0727618932724
43,large_grid,7,0.5708935260772705,1.0559163093566895
43,large_grid,8,0.5234540700912476,0.9808942675590515
43,large_grid,9,0.5990201234817505,1.146196961402893
43,large_grid,10,0.6018849611282349,1.1439954042434692
44,social,1,0.6633968949317932,1.2601317167282104
44,social,2,0.605326771736145,1.1253926753997803
44,social,3,0.6674401760101318,1.2858431339263916
44,social,4,0.6231581568717957,1.1897156238555908
44,social,5,0.5466468334197998,1.0173550844192505
44,social,6,0.5887279510498047,1.1511210203170776
44,social,7,0.6034069061279297,1.1359996795654297
44,social,8,0.5718065500259399,1.054857611656189
44,social,9,0.4788982570171356,0.9582138061523438
44,social,10,0.5067332983016968,0.9892601370811462
44,no_neighbours,1,0.6679254174232483,1.2766140699386597
44,no_neighbours,2,0.5849523544311523,1.0950781106948853
44,no_neighbours,3,0.6277004480361938,1.2249630689620972
44,no_neighbours,4,0.6133981347084045,1.1392337083816528
44,no_neighbours,5,0.5204324722290039,0.9716106057167053
44,no_neighbours,6,0.43266168236732483,0.8383083939552307
44,no_neighbours,7,0.5581607818603516,1.1311371326446533
44,no_neighbours,8,0.4862777888774872,0.9762101173400879
44,no_neighbours,9,0.4458300769329071,0.9059274792671204
44,no_neighbours,10,0.4052882492542267,0.8247351050376892
44,small_grid,1,0.6680924892425537,1.27725088596344
44,small_grid,2,0.5996009111404419,1.1216044425964355
44,small_grid,3,0.6724063158035278,1.2969812154769897
44,small_grid,4,0.6335052847862244,1.1806259155273438
44,small_grid,5,0.5739767551422119,1.0691626071929932
44,small_grid,6,0.5577273964881897,1.077536940574646
44,small_grid,7,0.5377500653266907,1.0476983785629272
44,small_grid,8,0.6091864705085754,1.1770998239517212
44,small_grid,9,0.5852023363113403,1.1282532215118408
44,small_grid,10,0.5877010226249695,1.179349422454834
44,large_grid,1,0.6528640985488892,1.2266108989715576
44,large_grid,2,0.601062536239624,1.1139801740646362
44,large_grid,3,0.642277717590332,1.2307443618774414
44,large_grid,4,0.5547254085540771,1.0203821659088135
44,large_grid,5,0.5696262717247009,1.0581727027893066
44,large_grid,6,0.5752677917480469,1.1189388036727905
44,large_grid,7,0.6586829423904419,1.277204155921936
44,large_grid,8,0.4809851050376892,0.8714556097984314
44,large_grid,9,0.3893834352493286,0.7663769721984863
44,large_grid,10,0.6129964590072632,1.1731897592544556
