scene,track_id,annotation_points,start_s,end_s,duration_s,components,rendered_edges,linked_path_length_m
seq_eth,1,7,0.000000,2.400000,2.400000,1,6,4.044578
seq_eth,2,37,1.600000,16.000000,14.400000,1,36,16.029654
seq_eth,3,32,3.600000,16.000000,12.400000,1,31,13.381596
seq_eth,4,24,4.400000,13.600000,9.200000,1,23,14.055171
seq_eth,5,24,4.400000,13.600000,9.200000,1,23,14.104360
seq_eth,6,30,4.400000,16.000000,11.600000,1,29,13.162032
seq_eth,7,16,10.000000,16.000000,6.000000,1,15,11.519274
seq_eth,8,31,11.200000,23.200000,12.000000,1,30,16.800383
seq_eth,9,10,18.000000,21.600000,3.600000,1,9,0.206463
seq_eth,10,10,18.000000,21.600000,3.600000,1,9,0.222717
seq_eth,11,33,18.000000,30.800000,12.800000,1,32,14.043124
seq_eth,12,33,18.000000,30.800000,12.800000,1,32,14.322580
seq_eth,13,30,19.200000,30.800000,11.600000,1,29,12.903780
seq_eth,14,29,19.600000,30.800000,11.200000,1,28,13.185957
seq_eth,15,27,20.400000,30.800000,10.400000,1,26,12.671322
seq_eth,16,24,21.600000,30.800000,9.200000,1,23,11.368001
seq_eth,17,24,21.600000,30.800000,9.200000,1,23,13.643702
seq_eth,18,23,22.000000,30.800000,8.800000,1,22,11.947294
seq_eth,20,21,22.800000,30.800000,8.000000,1,20,12.137699
seq_eth,21,17,24.400000,30.800000,6.400000,1,16,9.295391
seq_eth,22,23,29.600000,38.400000,8.800000,1,22,13.580896
seq_eth,23,15,33.600000,39.200000,5.600000,1,14,8.396265
seq_eth,24,15,33.600000,39.200000,5.600000,1,14,9.192841
seq_eth,25,15,33.600000,39.200000,5.600000,1,14,11.860648
seq_eth,26,3,37.600000,38.400000,0.800000,1,2,1.037602
seq_eth,27,9,37.600000,40.800000,3.200000,1,8,5.424505
seq_eth,28,21,44.400000,52.400000,8.000000,1,20,11.746903
seq_eth,29,21,44.400000,52.400000,8.000000,1,20,11.432378
seq_eth,30,22,44.400000,52.800000,8.400000,1,21,10.021658
seq_eth,31,14,47.200000,52.400000,5.200000,1,13,8.996035
seq_eth,33,26,50.000000,60.000000,10.000000,1,25,13.441566
seq_eth,34,25,50.400000,60.000000,9.600000,1,24,13.668140
seq_eth,35,17,64.800000,71.200000,6.400000,1,16,8.796183
seq_eth,36,22,68.000000,76.400000,8.400000,1,21,13.772326
seq_eth,37,21,68.800000,76.800000,8.000000,1,20,13.662647
seq_eth,38,18,76.400000,83.200000,6.800000,1,17,13.677201
seq_eth,39,17,79.200000,85.600000,6.400000,1,16,12.459923
seq_eth,40,28,80.000000,90.800000,10.800000,1,27,16.645074
seq_eth,41,30,88.800000,100.400000,11.600000,1,29,15.858950
seq_eth,42,29,89.200000,100.400000,11.200000,1,28,14.638367
seq_eth,43,27,90.000000,100.400000,10.400000,1,26,15.078687
seq_eth,44,27,90.000000,100.400000,10.400000,1,26,14.995284
seq_eth,45,20,93.600000,101.200000,7.600000,1,19,12.177842
seq_eth,46,18,94.400000,101.200000,6.800000,1,17,9.835142
seq_eth,47,15,95.600000,101.200000,5.600000,1,14,9.897242
seq_eth,48,27,97.200000,107.600000,10.400000,1,26,16.609285
seq_eth,49,11,99.600000,103.600000,4.000000,1,10,7.440247
seq_eth,50,13,138.800000,143.600000,4.800000,1,12,7.975145
seq_eth,51,64,138.800000,164.000000,25.200000,1,63,2.555758
seq_eth,52,64,138.800000,164.000000,25.200000,1,63,0.206200
seq_eth,53,11,138.800000,142.800000,4.000000,1,10,7.694868
seq_eth,54,11,138.800000,142.800000,4.000000,1,10,7.431635
seq_eth,55,15,138.800000,144.400000,5.600000,1,14,9.927040
seq_eth,56,53,138.800000,159.600000,20.800000,1,52,2.069420
seq_eth,57,15,138.800000,144.400000,5.600000,1,14,10.098724
seq_eth,58,18,142.000000,148.800000,6.800000,1,17,13.384075
seq_eth,59,23,148.400000,157.200000,8.800000,1,22,13.815957
seq_eth,60,23,148.400000,157.200000,8.800000,1,22,13.824065
seq_eth,61,26,154.400000,164.400000,10.000000,1,25,14.787842
seq_eth,62,25,154.800000,164.400000,9.600000,1,24,15.260773
seq_eth,63,14,159.200000,164.400000,5.200000,1,13,8.058171
seq_eth,64,15,191.200000,196.800000,5.600000,1,14,8.691972
seq_eth,65,6,191.200000,193.200000,2.000000,1,5,2.386421
seq_eth,66,6,191.200000,193.200000,2.000000,1,5,2.414580
seq_eth,67,6,191.200000,193.200000,2.000000,1,5,2.839188
seq_eth,68,21,191.200000,199.200000,8.000000,1,20,14.433611
seq_eth,69,17,225.533333,231.933333,6.400000,1,16,10.920197
seq_eth,70,27,227.933333,238.333333,10.400000,1,26,13.862041
seq_eth,71,27,227.933333,238.333333,10.400000,1,26,13.113238
seq_eth,72,27,227.933333,238.333333,10.400000,1,26,14.920904
seq_eth,73,27,227.933333,238.333333,10.400000,1,26,14.969053
seq_eth,74,26,229.533333,239.533333,10.000000,1,25,14.157214
seq_eth,75,26,229.533333,239.533333,10.000000,1,25,14.276689
seq_eth,76,26,229.533333,239.533333,10.000000,1,25,14.362200
seq_eth,77,23,235.133333,243.933333,8.800000,1,22,15.645840
seq_eth,78,23,235.133333,243.933333,8.800000,1,22,14.542810
seq_eth,79,33,236.733333,249.533333,12.800000,1,32,15.459048
seq_eth,80,22,238.333333,246.733333,8.400000,1,21,14.958798
seq_eth,81,25,242.733333,252.333333,9.600000,1,24,16.756949
seq_eth,82,25,245.533333,255.133333,9.600000,1,24,15.392980
seq_eth,83,24,254.333333,263.533333,9.200000,1,23,13.864148
seq_eth,84,26,256.733333,266.733333,10.000000,1,25,13.300025
seq_eth,85,26,256.733333,266.733333,10.000000,1,25,13.247662
seq_eth,86,29,261.533333,272.733333,11.200000,1,28,18.903526
seq_eth,87,28,262.333333,273.133333,10.800000,1,27,17.723376
seq_eth,88,24,263.133333,272.333333,9.200000,1,23,14.209174
seq_eth,89,24,263.133333,272.333333,9.200000,1,23,14.574217
seq_eth,90,18,263.133333,269.933333,6.800000,1,17,12.740673
seq_eth,91,24,264.333333,273.533333,9.200000,1,23,14.307200
seq_eth,92,27,268.333333,278.733333,10.400000,1,26,14.672427
seq_eth,93,29,268.333333,279.533333,11.200000,1,28,15.282874
seq_eth,94,30,268.333333,279.933333,11.600000,1,29,14.676543
seq_eth,95,24,268.733333,277.933333,9.200000,1,23,16.367500
seq_eth,96,17,273.933333,280.333333,6.400000,1,16,10.517079
seq_eth,97,15,274.733333,280.333333,5.600000,1,14,7.088802
seq_eth,98,9,277.133333,280.333333,3.200000,1,8,3.593559
seq_eth,99,9,277.133333,280.333333,3.200000,1,8,3.864849
seq_eth,100,6,278.333333,280.333333,2.000000,1,5,2.493115
seq_eth,101,4,279.133333,280.333333,1.200000,1,3,1.848681
seq_eth,103,13,288.733333,293.533333,4.800000,1,12,6.421506
seq_eth,104,13,288.733333,293.533333,4.800000,1,12,6.829041
seq_eth,105,13,288.733333,293.533333,4.800000,1,12,7.209657
seq_eth,106,13,288.733333,293.533333,4.800000,1,12,6.652605
seq_eth,107,13,288.733333,293.533333,4.800000,1,12,6.832528
seq_eth,108,11,288.733333,292.733333,4.000000,1,10,5.806308
seq_eth,109,30,288.733333,300.333333,11.600000,1,29,15.691178
seq_eth,110,30,288.733333,300.333333,11.600000,1,29,15.706273
seq_eth,111,27,291.533333,301.933333,10.400000,1,26,14.556982
seq_eth,112,20,295.933333,303.533333,7.600000,1,19,13.791825
seq_eth,113,30,307.933333,319.533333,11.600000,1,29,14.154215
seq_eth,114,29,308.333333,319.533333,11.200000,1,28,14.882933
seq_eth,115,2,309.933333,310.333333,0.400000,1,1,0.000000
seq_eth,116,19,310.733333,317.933333,7.200000,1,18,13.586991
seq_eth,117,28,312.333333,323.133333,10.800000,1,27,17.113052
seq_eth,118,24,313.933333,323.133333,9.200000,1,23,14.596853
seq_eth,119,14,317.933333,323.133333,5.200000,1,13,7.446781
seq_eth,120,3,322.333333,323.133333,0.800000,1,2,1.103647
seq_eth,121,24,363.133333,372.333333,9.200000,1,23,12.901327
seq_eth,122,24,363.133333,372.333333,9.200000,1,23,12.498613
seq_eth,123,29,370.333333,381.533333,11.200000,1,28,15.821450
seq_eth,124,19,370.733333,377.933333,7.200000,1,18,12.660420
seq_eth,125,25,374.333333,383.933333,9.600000,1,24,15.349408
seq_eth,126,32,375.933333,388.333333,12.400000,1,31,16.689793
seq_eth,127,32,375.933333,388.333333,12.400000,1,31,17.291926
seq_eth,128,22,379.933333,388.333333,8.400000,1,21,14.643926
seq_eth,129,4,387.133333,388.333333,1.200000,1,3,0.736603
seq_eth,130,27,401.133333,411.533333,10.400000,1,26,15.607575
seq_eth,131,27,401.133333,411.533333,10.400000,1,26,16.632406
seq_eth,132,25,401.933333,411.533333,9.600000,1,24,16.627037
seq_eth,133,23,402.733333,411.533333,8.800000,1,22,16.101335
seq_eth,134,23,403.533333,412.333333,8.800000,1,22,15.789678
seq_eth,135,29,403.533333,414.733333,11.200000,1,28,16.856883
seq_eth,136,27,403.933333,414.333333,10.400000,1,26,16.958775
seq_eth,137,29,405.933333,417.133333,11.200000,1,28,16.929035
seq_eth,138,26,407.133333,417.133333,10.000000,1,25,15.035680
seq_eth,139,26,407.133333,417.133333,10.000000,1,25,16.370129
seq_eth,140,29,409.533333,420.733333,11.200000,1,28,18.509869
seq_eth,141,24,412.733333,421.933333,9.200000,1,23,17.477817
seq_eth,142,32,413.133333,425.533333,12.400000,1,31,18.312115
seq_eth,143,32,413.133333,425.533333,12.400000,1,31,17.738607
seq_eth,144,18,421.533333,428.333333,6.800000,1,17,13.352886
seq_eth,145,22,434.733333,443.133333,8.400000,1,21,14.217354
seq_eth,146,22,434.733333,443.133333,8.400000,1,21,14.116868
seq_eth,147,24,435.533333,444.733333,9.200000,1,23,15.359927
seq_eth,148,25,439.133333,448.733333,9.600000,1,24,15.923762
seq_eth,149,23,439.533333,448.333333,8.800000,1,22,14.356195
seq_eth,150,22,439.933333,448.333333,8.400000,1,21,14.621462
seq_eth,151,19,441.133333,448.333333,7.200000,1,18,11.551785
seq_eth,152,24,442.733333,451.933333,9.200000,1,23,16.919457
seq_eth,153,24,445.133333,454.333333,9.200000,1,23,16.221899
seq_eth,154,24,445.133333,454.333333,9.200000,1,23,16.104180
seq_eth,155,24,445.133333,454.333333,9.200000,1,23,16.876906
seq_eth,156,22,453.133333,461.533333,8.400000,1,21,15.165734
seq_eth,157,21,456.333333,464.333333,8.000000,1,20,13.105391
seq_eth,159,23,464.733333,473.533333,8.800000,1,22,13.820053
seq_eth,160,28,465.933333,476.733333,10.800000,1,27,16.966794
seq_eth,161,25,466.733333,476.333333,9.600000,1,24,16.517294
seq_eth,162,26,466.733333,476.733333,10.000000,1,25,17.737085
seq_eth,163,25,468.333333,477.933333,9.600000,1,24,16.836855
seq_eth,164,23,469.133333,477.933333,8.800000,1,22,16.669368
seq_eth,166,21,471.933333,479.933333,8.000000,1,20,15.299713
seq_eth,167,19,472.733333,479.933333,7.200000,1,18,10.930959
seq_eth,168,14,487.400000,492.600000,5.200000,1,13,8.650625
seq_eth,169,22,489.000000,497.400000,8.400000,1,21,16.644756
seq_eth,170,28,489.000000,499.800000,10.800000,1,27,16.982085
seq_eth,171,190,489.000000,564.600000,75.600000,1,189,29.350410
seq_eth,172,25,491.400000,501.000000,9.600000,1,24,16.147839
seq_eth,173,23,496.600000,505.400000,8.800000,1,22,15.849285
seq_eth,174,31,500.600000,512.600000,12.000000,1,30,18.619680
seq_eth,175,27,500.600000,511.000000,10.400000,1,26,16.548893
seq_eth,176,20,506.200000,513.800000,7.600000,1,19,15.682732
seq_eth,177,22,506.200000,514.600000,8.400000,1,21,13.795509
seq_eth,178,24,506.200000,515.400000,9.200000,1,23,14.633927
seq_eth,179,25,506.200000,515.800000,9.600000,1,24,14.632299
seq_eth,180,27,507.800000,518.200000,10.400000,1,26,14.639509
seq_eth,181,26,507.800000,517.800000,10.000000,1,25,14.780187
seq_eth,182,22,507.800000,516.200000,8.400000,1,21,15.040887
seq_eth,183,24,507.800000,517.000000,9.200000,1,23,15.987791
seq_eth,184,23,507.800000,516.600000,8.800000,1,22,15.535979
seq_eth,185,25,511.800000,521.400000,9.600000,1,24,15.791048
seq_eth,186,28,511.800000,522.600000,10.800000,1,27,16.170039
seq_eth,187,28,511.800000,522.600000,10.800000,1,27,15.357034
seq_eth,188,28,511.800000,522.600000,10.800000,1,27,15.569710
seq_eth,189,16,513.000000,519.000000,6.000000,1,15,18.902288
seq_eth,190,22,514.200000,522.600000,8.400000,1,21,13.121356
seq_eth,191,20,515.000000,522.600000,7.600000,1,19,13.320720
seq_eth,192,18,528.600000,535.400000,6.800000,1,17,10.449411
seq_eth,193,18,528.600000,535.400000,6.800000,1,17,10.065817
seq_eth,194,21,538.600000,546.600000,8.000000,1,20,12.223831
seq_eth,195,36,540.600000,554.600000,14.000000,1,35,19.221619
seq_eth,196,36,541.400000,555.400000,14.000000,1,35,18.323578
seq_eth,197,35,541.800000,555.400000,13.600000,1,34,18.782246
seq_eth,198,29,543.400000,554.600000,11.200000,1,28,16.186138
seq_eth,199,20,543.800000,551.400000,7.600000,1,19,13.812697
seq_eth,200,31,544.200000,556.200000,12.000000,1,30,16.489649
seq_eth,201,28,545.000000,555.800000,10.800000,1,27,18.970820
seq_eth,202,29,545.800000,557.000000,11.200000,1,28,16.148813
seq_eth,203,28,546.200000,557.000000,10.800000,1,27,15.491545
seq_eth,204,25,547.000000,556.600000,9.600000,1,24,16.835884
seq_eth,205,23,547.400000,556.200000,8.800000,1,22,15.132718
seq_eth,206,22,549.000000,557.400000,8.400000,1,21,15.200542
seq_eth,207,25,551.400000,561.000000,9.600000,1,24,15.912250
seq_eth,208,25,553.400000,563.000000,9.600000,1,24,16.994864
seq_eth,209,26,553.800000,563.800000,10.000000,1,25,18.900120
seq_eth,210,28,555.000000,565.800000,10.800000,1,27,16.582366
seq_eth,211,28,555.000000,565.800000,10.800000,1,27,17.193257
seq_eth,212,28,561.000000,571.800000,10.800000,1,27,17.312768
seq_eth,213,25,562.200000,571.800000,9.600000,1,24,16.524203
seq_eth,214,25,562.200000,571.800000,9.600000,1,24,17.205498
seq_eth,215,23,568.200000,577.000000,8.800000,1,22,14.001088
seq_eth,216,101,568.200000,608.200000,40.000000,1,100,13.189224
seq_eth,217,27,568.200000,578.600000,10.400000,1,26,18.652798
seq_eth,218,27,568.200000,578.600000,10.400000,1,26,18.975448
seq_eth,219,24,574.600000,583.800000,9.200000,1,23,15.860592
seq_eth,220,23,574.600000,583.400000,8.800000,1,22,16.647173
seq_eth,221,26,575.800000,585.800000,10.000000,1,25,17.076718
seq_eth,222,25,581.000000,590.600000,9.600000,1,24,18.870363
seq_eth,223,22,583.000000,591.400000,8.400000,1,21,14.133153
seq_eth,224,22,583.000000,591.400000,8.400000,1,21,13.694802
seq_eth,226,22,589.000000,597.400000,8.400000,1,21,14.629888
seq_eth,227,18,589.800000,596.600000,6.800000,1,17,12.928851
seq_eth,228,18,589.800000,596.600000,6.800000,1,17,12.967653
seq_eth,229,18,593.000000,599.800000,6.800000,1,17,12.056978
seq_eth,230,51,593.000000,613.000000,20.000000,1,50,18.633886
seq_eth,231,51,593.000000,613.000000,20.000000,1,50,17.893635
seq_eth,232,28,597.800000,608.600000,10.800000,1,27,17.883863
seq_eth,233,19,600.200000,607.400000,7.200000,1,18,13.029315
seq_eth,234,14,603.000000,608.200000,5.200000,1,13,3.137989
seq_eth,235,14,603.000000,608.200000,5.200000,1,13,4.261501
seq_eth,236,26,605.800000,615.800000,10.000000,1,25,13.724605
seq_eth,237,31,609.000000,621.000000,12.000000,1,30,15.438560
seq_eth,238,95,609.000000,646.600000,37.600000,1,94,19.412400
seq_eth,239,33,609.000000,621.800000,12.800000,1,32,15.599885
seq_eth,240,30,609.000000,620.600000,11.600000,1,29,15.327342
seq_eth,241,21,609.000000,617.000000,8.000000,1,20,15.747194
seq_eth,242,21,609.000000,617.000000,8.000000,1,20,15.214395
seq_eth,243,25,609.800000,619.400000,9.600000,1,24,16.256661
seq_eth,244,24,612.600000,621.800000,9.200000,1,23,15.991548
seq_eth,245,17,621.400000,627.800000,6.400000,1,16,9.070759
seq_eth,246,17,621.400000,627.800000,6.400000,1,16,9.350259
seq_eth,247,30,621.400000,633.000000,11.600000,1,29,11.724328
seq_eth,248,28,621.400000,632.200000,10.800000,1,27,11.652294
seq_eth,249,22,621.400000,629.800000,8.400000,1,21,10.768876
seq_eth,250,32,627.800000,640.200000,12.400000,1,31,17.020916
seq_eth,251,19,627.800000,635.000000,7.200000,1,18,10.804110
seq_eth,252,27,627.800000,638.200000,10.400000,1,26,11.692671
seq_eth,253,22,627.800000,636.200000,8.400000,1,21,11.436619
seq_eth,254,27,629.000000,639.400000,10.400000,1,26,13.716322
seq_eth,255,28,629.400000,640.200000,10.800000,1,27,15.758992
seq_eth,256,28,629.400000,640.200000,10.800000,1,27,14.953956
seq_eth,257,38,631.000000,645.800000,14.800000,1,37,20.877681
seq_eth,258,32,631.400000,643.800000,12.400000,1,31,15.722219
seq_eth,259,35,631.400000,645.000000,13.600000,1,34,15.868703
seq_eth,260,36,631.800000,645.800000,14.000000,1,35,20.541036
seq_eth,261,33,633.000000,645.800000,12.800000,1,32,19.264750
seq_eth,262,30,634.200000,645.800000,11.600000,1,29,19.414788
seq_eth,263,39,634.600000,649.800000,15.200000,1,38,16.258455
seq_eth,264,39,634.600000,649.800000,15.200000,1,38,16.175222
seq_eth,265,35,634.600000,648.200000,13.600000,1,34,16.050776
seq_eth,266,30,634.600000,646.200000,11.600000,1,29,15.770907
seq_eth,267,39,634.600000,649.800000,15.200000,1,38,15.535994
seq_eth,268,35,634.600000,648.200000,13.600000,1,34,15.765872
seq_eth,269,24,634.600000,643.800000,9.200000,1,23,13.066778
seq_eth,270,26,634.600000,644.600000,10.000000,1,25,14.672897
seq_eth,272,21,634.600000,642.600000,8.000000,1,20,16.251794
seq_eth,273,26,636.200000,646.200000,10.000000,1,25,14.712257
seq_eth,274,12,636.600000,641.000000,4.400000,1,11,0.000000
seq_eth,275,31,637.800000,649.800000,12.000000,1,30,10.943953
seq_eth,276,29,638.600000,649.800000,11.200000,1,28,16.100754
seq_eth,277,9,638.600000,641.800000,3.200000,1,8,0.000000
seq_eth,278,28,639.000000,649.800000,10.800000,1,27,10.798537
seq_eth,279,26,639.800000,649.800000,10.000000,1,25,10.254337
seq_eth,280,25,640.200000,649.800000,9.600000,1,24,14.770912
seq_eth,281,23,641.000000,649.800000,8.800000,1,22,12.133290
seq_eth,282,2,642.200000,642.600000,0.400000,1,1,0.000000
seq_eth,283,19,642.600000,649.800000,7.200000,1,18,9.166379
seq_eth,284,9,643.000000,646.200000,3.200000,1,8,0.036050
seq_eth,285,16,643.800000,649.800000,6.000000,1,15,9.478103
seq_eth,286,14,643.800000,649.000000,5.200000,1,13,2.334499
seq_eth,287,15,644.200000,649.800000,5.600000,1,14,6.995800
seq_eth,288,3,645.000000,645.800000,0.800000,1,2,0.000000
seq_eth,289,12,645.400000,649.800000,4.400000,1,11,5.672416
seq_eth,290,4,646.600000,647.800000,1.200000,1,3,0.037513
seq_eth,291,8,647.000000,649.800000,2.800000,1,7,0.616370
seq_eth,292,2,649.400000,649.800000,0.400000,1,1,0.556670
seq_eth,293,10,659.000000,662.600000,3.600000,1,9,6.207141
seq_eth,294,23,659.000000,667.800000,8.800000,1,22,13.181422
seq_eth,295,16,659.000000,665.000000,6.000000,1,15,0.000000
seq_eth,296,16,659.000000,665.000000,6.000000,1,15,0.673663
seq_eth,297,16,659.000000,665.000000,6.000000,1,15,0.000000
seq_eth,298,16,659.000000,665.000000,6.000000,1,15,0.047903
seq_eth,299,13,659.000000,663.800000,4.800000,1,12,5.351968
seq_eth,300,17,659.000000,665.400000,6.400000,1,16,9.339941
seq_eth,301,17,659.000000,665.400000,6.400000,1,16,8.969961
seq_eth,302,20,659.000000,666.600000,7.600000,1,19,10.773539
seq_eth,303,33,660.600000,673.400000,12.800000,1,32,14.960450
seq_eth,304,31,661.400000,673.400000,12.000000,1,30,14.799912
seq_eth,305,22,662.600000,671.000000,8.400000,1,21,15.376314
seq_eth,306,15,666.200000,671.800000,5.600000,1,14,11.019759
seq_eth,307,24,666.600000,675.800000,9.200000,1,23,12.485664
seq_eth,308,25,666.600000,676.200000,9.600000,1,24,12.905778
seq_eth,309,25,666.600000,676.200000,9.600000,1,24,12.529300
seq_eth,310,23,666.600000,675.400000,8.800000,1,22,12.170382
seq_eth,311,24,668.600000,677.800000,9.200000,1,23,12.580080
seq_eth,312,24,668.600000,677.800000,9.200000,1,23,13.241750
seq_eth,313,27,668.600000,679.000000,10.400000,1,26,13.853270
seq_eth,314,27,668.600000,679.000000,10.400000,1,26,13.773557
seq_eth,315,25,670.600000,680.200000,9.600000,1,24,15.897864
seq_eth,316,37,671.400000,685.800000,14.400000,1,36,14.658569
seq_eth,317,9,677.800000,681.000000,3.200000,1,8,2.280819
seq_eth,318,7,695.000000,697.400000,2.400000,1,6,8.400436
seq_eth,319,31,695.000000,707.000000,12.000000,1,30,14.500594
seq_eth,320,35,695.000000,708.600000,13.600000,1,34,14.923967
seq_eth,321,30,697.000000,708.600000,11.600000,1,29,14.418121
seq_eth,322,30,697.000000,708.600000,11.600000,1,29,15.392893
seq_eth,323,30,697.000000,708.600000,11.600000,1,29,15.028552
seq_eth,324,29,697.400000,708.600000,11.200000,1,28,15.847396
seq_eth,325,30,700.200000,711.800000,11.600000,1,29,15.651807
seq_eth,326,29,700.200000,711.400000,11.200000,1,28,15.044438
seq_eth,327,32,700.200000,712.600000,12.400000,1,31,16.442441
seq_eth,328,35,700.200000,713.800000,13.600000,1,34,18.085713
seq_eth,329,33,700.200000,713.000000,12.800000,1,32,17.189828
seq_eth,330,23,700.600000,709.400000,8.800000,1,22,17.212550
seq_eth,331,33,701.800000,714.600000,12.800000,1,32,19.246982
seq_eth,332,22,706.200000,714.600000,8.400000,1,21,14.249451
seq_eth,333,20,707.000000,714.600000,7.600000,1,19,13.644064
seq_eth,334,28,707.400000,718.200000,10.800000,1,27,14.447702
seq_eth,335,28,707.400000,718.200000,10.800000,1,27,16.779818
seq_eth,336,28,707.400000,718.200000,10.800000,1,27,15.302996
seq_eth,337,28,707.400000,718.200000,10.800000,1,27,15.944250
seq_eth,338,28,707.400000,718.200000,10.800000,1,27,16.164546
seq_eth,339,3,707.400000,708.200000,0.800000,1,2,1.066515
seq_eth,340,23,722.200000,731.000000,8.800000,1,22,16.165146
seq_eth,341,23,722.200000,731.000000,8.800000,1,22,14.415166
seq_eth,342,35,737.000000,750.600000,13.600000,1,34,17.930982
seq_eth,343,22,738.600000,747.000000,8.400000,1,21,14.050313
seq_eth,344,23,738.600000,747.400000,8.800000,1,22,14.803829
seq_eth,345,31,738.600000,750.600000,12.000000,1,30,18.001048
seq_eth,346,27,739.400000,749.800000,10.400000,1,26,17.070942
seq_eth,347,27,739.400000,749.800000,10.400000,1,26,16.969045
seq_eth,348,33,740.200000,753.000000,12.800000,1,32,19.703556
seq_eth,349,28,741.000000,751.800000,10.800000,1,27,18.914479
seq_eth,350,34,743.400000,756.600000,13.200000,1,33,18.272178
seq_eth,351,28,743.800000,754.600000,10.800000,1,27,18.413837
seq_eth,352,30,743.800000,755.400000,11.600000,1,29,18.890920
seq_eth,353,35,743.800000,757.400000,13.600000,1,34,20.014644
seq_eth,354,27,745.800000,756.200000,10.400000,1,26,17.253910
seq_eth,355,34,745.800000,759.000000,13.200000,1,33,17.495777
seq_eth,356,27,749.400000,759.800000,10.400000,1,26,19.111678
seq_eth,357,61,749.400000,773.400000,24.000000,1,60,17.202928
seq_eth,358,61,749.400000,773.400000,24.000000,1,60,17.183157
seq_eth,359,34,749.400000,762.600000,13.200000,1,33,20.561977
seq_eth,360,24,761.400000,770.600000,9.200000,1,23,14.785810
seq_eth,361,24,761.400000,770.600000,9.200000,1,23,14.840036
seq_eth,362,23,762.600000,771.400000,8.800000,1,22,13.932155
seq_eth,363,25,762.600000,772.200000,9.600000,1,24,14.618620
seq_eth,364,24,764.200000,773.400000,9.200000,1,23,14.499949
seq_eth,365,24,764.200000,773.400000,9.200000,1,23,14.678068
seq_eth,366,24,764.200000,773.400000,9.200000,1,23,14.350175
seq_eth,367,20,765.800000,773.400000,7.600000,1,19,2.124261
seq_hotel,1,2,0.000000,0.400000,0.400000,1,1,0.684729
seq_hotel,2,2,0.000000,0.400000,0.400000,1,1,0.653177
seq_hotel,3,14,0.000000,5.200000,5.200000,1,13,7.788262
seq_hotel,4,8,0.000000,2.800000,2.800000,1,7,4.728763
seq_hotel,5,26,0.000000,10.000000,10.000000,1,25,0.019924
seq_hotel,6,26,0.000000,10.000000,10.000000,1,25,0.039885
seq_hotel,7,6,0.000000,2.000000,2.000000,1,5,1.532124
seq_hotel,8,26,0.000000,10.000000,10.000000,1,25,0.653651
seq_hotel,9,2,0.000000,0.400000,0.400000,1,1,0.627462
seq_hotel,10,2,0.000000,0.400000,0.400000,1,1,0.020533
seq_hotel,11,15,5.600000,11.200000,5.600000,1,14,12.041710
seq_hotel,12,19,5.600000,12.800000,7.200000,1,18,11.416493
seq_hotel,13,19,5.600000,12.800000,7.200000,1,18,12.118643
seq_hotel,14,12,6.800000,11.200000,4.400000,1,11,5.327595
seq_hotel,15,12,6.800000,11.200000,4.400000,1,11,5.213444
seq_hotel,16,12,6.800000,11.200000,4.400000,1,11,8.606932
seq_hotel,17,13,9.200000,14.000000,4.800000,1,12,9.901276
seq_hotel,18,13,9.200000,14.000000,4.800000,1,12,8.212561
seq_hotel,19,4,12.800000,14.000000,1.200000,1,3,1.353002
seq_hotel,20,19,16.400000,23.600000,7.200000,1,18,12.177931
seq_hotel,21,13,17.200000,22.000000,4.800000,1,12,8.758260
seq_hotel,23,14,18.800000,24.000000,5.200000,1,13,9.881920
seq_hotel,24,31,20.000000,32.000000,12.000000,1,30,10.871492
seq_hotel,25,31,20.000000,32.000000,12.000000,1,30,10.870205
seq_hotel,26,13,20.000000,24.800000,4.800000,1,12,5.967479
seq_hotel,27,13,21.200000,26.000000,4.800000,1,12,6.916204
seq_hotel,28,23,23.600000,32.400000,8.800000,1,22,9.194827
seq_hotel,29,9,28.800000,32.000000,3.200000,1,8,2.873037
seq_hotel,30,10,28.800000,32.400000,3.600000,1,9,0.000000
seq_hotel,31,9,34.800000,38.000000,3.200000,1,8,5.097498
seq_hotel,32,12,34.800000,39.200000,4.400000,1,11,7.366337
seq_hotel,33,5,38.000000,39.600000,1.600000,1,4,2.251633
seq_hotel,34,4,38.000000,39.200000,1.200000,1,3,0.000000
seq_hotel,35,4,38.400000,39.600000,1.200000,1,3,1.970320
seq_hotel,36,13,40.000000,44.800000,4.800000,1,12,7.107047
seq_hotel,37,9,40.000000,43.200000,3.200000,1,8,2.807705
seq_hotel,38,100,40.000000,79.600000,39.600000,1,99,1.534467
seq_hotel,39,8,40.400000,43.200000,2.800000,1,7,1.363297
seq_hotel,40,3,42.000000,42.800000,0.800000,1,2,0.000000
seq_hotel,41,6,42.000000,44.000000,2.000000,1,5,0.000000
seq_hotel,42,10,43.200000,46.800000,3.600000,1,9,4.191418
seq_hotel,43,4,45.600000,46.800000,1.200000,1,3,0.000000
seq_hotel,44,4,45.600000,46.800000,1.200000,1,3,0.000000
seq_hotel,45,14,45.600000,50.800000,5.200000,1,13,10.029301
seq_hotel,46,24,46.000000,55.200000,9.200000,1,23,0.000000
seq_hotel,47,24,46.000000,55.200000,9.200000,1,23,0.000000
seq_hotel,48,14,46.400000,51.600000,5.200000,1,13,8.221704
seq_hotel,49,11,48.400000,52.400000,4.000000,1,10,5.532316
seq_hotel,51,15,49.600000,55.200000,5.600000,1,14,8.919148
seq_hotel,52,8,59.200000,62.000000,2.800000,1,7,4.951263
seq_hotel,53,8,59.200000,62.000000,2.800000,1,7,4.881730
seq_hotel,54,8,59.200000,62.000000,2.800000,1,7,4.885642
seq_hotel,55,14,59.600000,64.800000,5.200000,1,13,2.676872
seq_hotel,56,9,66.800000,70.000000,3.200000,1,8,2.700742
seq_hotel,57,9,66.800000,70.000000,3.200000,1,8,4.615613
seq_hotel,58,9,71.600000,74.800000,3.200000,1,8,7.119465
seq_hotel,59,16,73.600000,79.600000,6.000000,1,15,5.192102
seq_hotel,60,16,73.600000,79.600000,6.000000,1,15,4.879866
seq_hotel,61,13,74.000000,78.800000,4.800000,1,12,7.979238
seq_hotel,62,13,74.000000,78.800000,4.800000,1,12,6.634398
seq_hotel,63,10,76.000000,79.600000,3.600000,1,9,5.436455
seq_hotel,64,7,80.000000,82.400000,2.400000,1,6,1.495585
seq_hotel,65,7,80.000000,82.400000,2.400000,1,6,0.791556
seq_hotel,66,7,80.000000,82.400000,2.400000,1,6,4.271624
seq_hotel,67,13,84.000000,88.800000,4.800000,1,12,9.328073
seq_hotel,68,11,85.200000,89.200000,4.000000,1,10,7.303638
seq_hotel,69,12,85.200000,89.600000,4.400000,1,11,8.916654
seq_hotel,70,6,92.000000,94.000000,2.000000,1,5,2.805990
seq_hotel,71,22,110.800000,119.200000,8.400000,1,21,13.093431
seq_hotel,72,22,110.800000,119.200000,8.400000,1,21,13.494727
seq_hotel,73,4,110.800000,112.000000,1.200000,1,3,1.761094
seq_hotel,75,9,113.600000,116.800000,3.200000,1,8,3.688093
seq_hotel,76,9,113.600000,116.800000,3.200000,1,8,3.793451
seq_hotel,77,2,113.600000,114.000000,0.400000,1,1,0.414751
seq_hotel,78,9,113.600000,116.800000,3.200000,1,8,4.000209
seq_hotel,79,15,113.600000,119.200000,5.600000,1,14,0.046111
seq_hotel,80,15,113.600000,119.200000,5.600000,1,14,0.018627
seq_hotel,81,6,114.800000,116.800000,2.000000,1,5,2.362485
seq_hotel,82,6,116.000000,118.000000,2.000000,1,5,2.940268
seq_hotel,83,21,124.000000,132.000000,8.000000,1,20,12.046660
seq_hotel,84,4,124.400000,125.600000,1.200000,1,3,1.704731
seq_hotel,85,14,126.800000,132.000000,5.200000,1,13,0.000000
seq_hotel,86,14,126.800000,132.000000,5.200000,1,13,0.020130
seq_hotel,87,5,128.000000,129.600000,1.600000,1,4,2.898361
seq_hotel,89,18,136.400000,143.200000,6.800000,1,17,8.983901
seq_hotel,90,18,136.400000,143.200000,6.800000,1,17,9.148523
seq_hotel,91,13,136.400000,141.200000,4.800000,1,12,6.186858
seq_hotel,92,18,136.400000,143.200000,6.800000,1,17,0.129239
seq_hotel,93,18,136.400000,143.200000,6.800000,1,17,0.175446
seq_hotel,94,6,139.200000,141.200000,2.000000,1,5,1.693449
seq_hotel,95,6,139.600000,141.600000,2.000000,1,5,3.111494
seq_hotel,96,27,160.000000,170.400000,10.400000,1,26,11.543376
seq_hotel,97,27,160.000000,170.400000,10.400000,1,26,11.767876
seq_hotel,98,14,160.000000,165.200000,5.200000,1,13,1.779014
seq_hotel,99,14,160.000000,165.200000,5.200000,1,13,6.826520
seq_hotel,100,18,160.000000,166.800000,6.800000,1,17,10.690626
seq_hotel,101,27,160.000000,170.400000,10.400000,1,26,0.274768
seq_hotel,102,27,160.000000,170.400000,10.400000,1,26,0.057384
seq_hotel,103,3,169.600000,170.400000,0.800000,1,2,1.364303
seq_hotel,104,59,177.200000,200.400000,23.200000,1,58,1.990596
seq_hotel,105,59,177.200000,200.400000,23.200000,1,58,0.890906
seq_hotel,106,59,177.200000,200.400000,23.200000,1,58,13.027744
seq_hotel,107,59,177.200000,200.400000,23.200000,1,58,12.793447
seq_hotel,108,6,179.600000,181.600000,2.000000,1,5,3.553820
seq_hotel,109,7,180.400000,182.800000,2.400000,1,6,2.628050
seq_hotel,110,20,182.800000,190.400000,7.600000,1,19,12.514689
seq_hotel,112,22,187.600000,196.000000,8.400000,1,21,12.152229
seq_hotel,113,14,209.600000,214.800000,5.200000,1,13,5.162380
seq_hotel,114,14,209.600000,214.800000,5.200000,1,13,4.900927
seq_hotel,115,14,209.600000,214.800000,5.200000,1,13,7.545875
seq_hotel,116,14,209.600000,214.800000,5.200000,1,13,0.020010
seq_hotel,117,14,209.600000,214.800000,5.200000,1,13,0.856088
seq_hotel,118,6,227.200000,229.200000,2.000000,1,5,3.071996
seq_hotel,119,23,227.200000,236.000000,8.800000,1,22,13.197747
seq_hotel,120,23,227.200000,236.000000,8.800000,1,22,12.787989
seq_hotel,122,14,227.200000,232.400000,5.200000,1,13,10.303577
seq_hotel,123,9,232.800000,236.000000,3.200000,1,8,0.244625
seq_hotel,124,9,232.800000,236.000000,3.200000,1,8,0.000000
seq_hotel,125,8,252.800000,255.600000,2.800000,1,7,3.485045
seq_hotel,126,6,252.800000,254.800000,2.000000,1,5,3.547719
seq_hotel,127,13,252.800000,257.600000,4.800000,1,12,2.529722
seq_hotel,128,8,267.200000,270.000000,2.800000,1,7,5.163779
seq_hotel,129,8,268.400000,271.200000,2.800000,1,7,1.559338
seq_hotel,130,11,268.400000,272.400000,4.000000,1,10,7.010497
seq_hotel,131,17,268.400000,274.800000,6.400000,1,16,5.498678
seq_hotel,132,18,270.400000,277.200000,6.800000,1,17,11.919927
seq_hotel,133,9,271.200000,274.400000,3.200000,1,8,1.434019
seq_hotel,134,5,271.200000,272.800000,1.600000,1,4,1.761814
seq_hotel,136,24,271.600000,280.800000,9.200000,1,23,0.625644
seq_hotel,137,14,272.000000,277.200000,5.200000,1,13,6.139572
seq_hotel,138,54,273.600000,294.800000,21.200000,1,53,1.969994
seq_hotel,139,54,273.600000,294.800000,21.200000,1,53,0.367305
seq_hotel,140,18,274.800000,281.600000,6.800000,1,17,11.795086
seq_hotel,141,19,274.800000,282.000000,7.200000,1,18,11.704592
seq_hotel,142,26,275.600000,285.600000,10.000000,1,25,13.146364
seq_hotel,143,26,275.600000,285.600000,10.000000,1,25,12.635143
seq_hotel,144,38,275.600000,290.400000,14.800000,1,37,1.129383
seq_hotel,145,23,278.800000,287.600000,8.800000,1,22,12.661130
seq_hotel,146,19,278.800000,286.000000,7.200000,1,18,11.172708
seq_hotel,147,4,279.200000,280.400000,1.200000,1,3,0.619627
seq_hotel,148,14,280.800000,286.000000,5.200000,1,13,9.498021
seq_hotel,149,12,280.800000,285.200000,4.400000,1,11,6.077309
seq_hotel,150,28,281.200000,292.000000,10.800000,1,27,6.071584
seq_hotel,152,13,287.200000,292.000000,4.800000,1,12,0.000000
seq_hotel,153,8,287.200000,290.000000,2.800000,1,7,1.010982
seq_hotel,154,5,290.400000,292.000000,1.600000,1,4,0.098131
seq_hotel,155,4,290.800000,292.000000,1.200000,1,3,0.236900
seq_hotel,156,20,299.200000,306.800000,7.600000,1,19,12.645793
seq_hotel,157,20,299.200000,306.800000,7.600000,1,19,12.641867
seq_hotel,158,19,299.200000,306.400000,7.200000,1,18,12.364919
seq_hotel,159,14,299.200000,304.400000,5.200000,1,13,7.701572
seq_hotel,160,16,300.800000,306.800000,6.000000,1,15,10.393593
seq_hotel,161,11,302.800000,306.800000,4.000000,1,10,0.103517
seq_hotel,162,8,302.800000,305.600000,2.800000,1,7,3.417838
seq_hotel,163,8,302.800000,305.600000,2.800000,1,7,3.369830
seq_hotel,164,11,322.000000,326.000000,4.000000,1,10,6.128311
seq_hotel,165,11,322.000000,326.000000,4.000000,1,10,6.263434
seq_hotel,166,11,322.000000,326.000000,4.000000,1,10,6.077820
seq_hotel,167,10,322.000000,325.600000,3.600000,1,9,6.254299
seq_hotel,168,6,323.600000,325.600000,2.000000,1,5,2.065726
seq_hotel,169,7,323.600000,326.000000,2.400000,1,6,0.000000
seq_hotel,170,7,323.600000,326.000000,2.400000,1,6,0.084694
seq_hotel,174,21,370.400000,378.400000,8.000000,1,20,10.377241
seq_hotel,175,21,370.400000,378.400000,8.000000,1,20,10.160478
seq_hotel,176,4,371.200000,372.400000,1.200000,1,3,1.055883
seq_hotel,177,6,371.200000,373.200000,2.000000,1,5,0.109615
seq_hotel,178,2,372.800000,373.200000,0.400000,1,1,0.195026
seq_hotel,179,9,374.800000,378.000000,3.200000,1,8,1.520239
seq_hotel,180,63,374.800000,399.600000,24.800000,1,62,0.196983
seq_hotel,181,22,376.000000,384.400000,8.400000,1,21,13.071181
seq_hotel,182,22,376.000000,384.400000,8.400000,1,21,12.967135
seq_hotel,183,10,376.400000,380.000000,3.600000,1,9,5.155125
seq_hotel,184,10,376.400000,380.000000,3.600000,1,9,0.137645
seq_hotel,185,59,376.400000,399.600000,23.200000,1,58,1.903335
seq_hotel,186,10,376.400000,380.000000,3.600000,1,9,5.281231
seq_hotel,187,20,376.800000,384.400000,7.600000,1,19,12.431494
seq_hotel,188,4,376.800000,378.000000,1.200000,1,3,0.916173
seq_hotel,189,13,378.400000,383.200000,4.800000,1,12,0.753080
seq_hotel,190,19,378.400000,385.600000,7.200000,1,18,10.063096
seq_hotel,192,20,378.400000,386.000000,7.600000,1,19,12.510193
seq_hotel,193,18,379.200000,386.000000,6.800000,1,17,13.134516
seq_hotel,194,22,380.000000,388.400000,8.400000,1,21,11.964787
seq_hotel,195,22,380.000000,388.400000,8.400000,1,21,11.976014
seq_hotel,196,20,380.000000,387.600000,7.600000,1,19,11.950763
seq_hotel,197,5,380.400000,382.000000,1.600000,1,4,2.618298
seq_hotel,198,4,380.400000,381.600000,1.200000,1,3,0.608768
seq_hotel,199,26,380.400000,390.400000,10.000000,1,25,3.267538
seq_hotel,200,24,382.000000,391.200000,9.200000,1,23,12.853820
seq_hotel,201,24,382.000000,391.200000,9.200000,1,23,12.929763
seq_hotel,202,2,383.600000,384.000000,0.400000,1,1,0.000000
seq_hotel,203,26,383.600000,393.600000,10.000000,1,25,14.046054
seq_hotel,204,31,384.400000,396.400000,12.000000,1,30,1.525010
seq_hotel,205,10,385.200000,388.800000,3.600000,1,9,4.231898
seq_hotel,206,20,386.400000,394.000000,7.600000,1,19,11.890563
seq_hotel,207,3,386.800000,387.600000,0.800000,1,2,0.745600
seq_hotel,208,3,386.800000,387.600000,0.800000,1,2,0.748239
seq_hotel,211,17,389.200000,395.600000,6.400000,1,16,2.708810
seq_hotel,212,3,389.200000,390.000000,0.800000,1,2,0.715970
seq_hotel,213,14,390.800000,396.000000,5.200000,1,13,4.435136
seq_hotel,214,11,391.600000,395.600000,4.000000,1,10,5.726060
seq_hotel,215,18,392.800000,399.600000,6.800000,1,17,6.601722
seq_hotel,216,10,396.000000,399.600000,3.600000,1,9,2.633854
seq_hotel,217,8,396.800000,399.600000,2.800000,1,7,0.000000
seq_hotel,218,2,399.200000,399.600000,0.400000,1,1,0.651515
seq_hotel,219,19,400.000000,407.200000,7.200000,1,18,6.742180
seq_hotel,220,18,400.800000,407.600000,6.800000,1,17,10.321324
seq_hotel,221,17,401.600000,408.000000,6.400000,1,16,8.619892
seq_hotel,222,22,402.000000,410.400000,8.400000,1,21,1.265453
seq_hotel,223,29,402.400000,413.600000,11.200000,1,28,13.402007
seq_hotel,224,28,402.800000,413.600000,10.800000,1,27,13.020623
seq_hotel,225,17,403.200000,409.600000,6.400000,1,16,9.904750
seq_hotel,226,25,403.200000,412.800000,9.600000,1,24,11.892220
seq_hotel,227,27,404.400000,414.800000,10.400000,1,26,12.630638
seq_hotel,230,25,410.400000,420.000000,9.600000,1,24,13.717575
seq_hotel,231,34,410.400000,423.600000,13.200000,1,33,12.784187
seq_hotel,232,34,410.400000,423.600000,13.200000,1,33,13.397989
seq_hotel,233,27,410.400000,420.800000,10.400000,1,26,0.190859
seq_hotel,234,13,414.800000,419.600000,4.800000,1,12,10.578751
seq_hotel,235,37,414.800000,429.200000,14.400000,1,36,13.159144
seq_hotel,236,37,414.800000,429.200000,14.400000,1,36,13.403344
seq_hotel,237,18,416.800000,423.600000,6.800000,1,17,13.324767
seq_hotel,238,12,417.600000,422.000000,4.400000,1,11,0.203100
seq_hotel,239,12,417.600000,422.000000,4.400000,1,11,0.415433
seq_hotel,240,24,420.800000,430.000000,9.200000,1,23,12.341839
seq_hotel,241,2,422.800000,423.200000,0.400000,1,1,0.118261
seq_hotel,243,19,422.800000,430.000000,7.200000,1,18,11.826133
seq_hotel,247,12,424.000000,428.400000,4.400000,1,11,1.912832
seq_hotel,251,2,424.400000,424.800000,0.400000,1,1,0.000000
seq_hotel,252,15,424.800000,430.400000,5.600000,1,14,6.502153
seq_hotel,253,15,424.800000,430.400000,5.600000,1,14,6.414211
seq_hotel,254,22,428.400000,436.800000,8.400000,1,21,13.336643
seq_hotel,255,19,428.800000,436.000000,7.200000,1,18,13.200939
seq_hotel,256,3,429.200000,430.000000,0.800000,1,2,0.341595
seq_hotel,257,8,431.200000,434.000000,2.800000,1,7,4.381749
seq_hotel,258,7,431.600000,434.000000,2.400000,1,6,3.612631
seq_hotel,259,22,434.000000,442.400000,8.400000,1,21,12.909225
seq_hotel,260,5,434.400000,436.000000,1.600000,1,4,2.237853
seq_hotel,261,20,436.000000,443.600000,7.600000,1,19,12.372050
seq_hotel,262,22,440.000000,448.400000,8.400000,1,21,12.675771
seq_hotel,263,21,440.400000,448.400000,8.000000,1,20,12.896604
seq_hotel,264,20,446.000000,453.600000,7.600000,1,19,12.143154
seq_hotel,265,20,454.000000,461.600000,7.600000,1,19,10.878287
seq_hotel,266,20,454.000000,461.600000,7.600000,1,19,0.000000
seq_hotel,267,19,454.400000,461.600000,7.200000,1,18,12.215109
seq_hotel,268,19,454.400000,461.600000,7.200000,1,18,12.430581
seq_hotel,269,19,454.400000,461.600000,7.200000,1,18,12.331446
seq_hotel,270,12,454.800000,459.200000,4.400000,1,11,7.031929
seq_hotel,271,12,454.800000,459.200000,4.400000,1,11,7.375759
seq_hotel,272,13,464.400000,469.200000,4.800000,1,12,6.247833
seq_hotel,273,13,464.400000,469.200000,4.800000,1,12,7.961107
seq_hotel,274,14,464.400000,469.600000,5.200000,1,13,8.888033
seq_hotel,275,3,470.800000,471.600000,0.800000,1,2,1.229475
seq_hotel,276,6,470.800000,472.800000,2.000000,1,5,3.018787
seq_hotel,277,20,470.800000,478.400000,7.600000,1,19,11.074731
seq_hotel,278,20,470.800000,478.400000,7.600000,1,19,12.931915
seq_hotel,279,8,470.800000,473.600000,2.800000,1,7,3.755220
seq_hotel,280,14,470.800000,476.000000,5.200000,1,13,7.683386
seq_hotel,281,15,470.800000,476.400000,5.600000,1,14,8.483319
seq_hotel,282,21,471.600000,479.600000,8.000000,1,20,12.059229
seq_hotel,283,8,476.800000,479.600000,2.800000,1,7,4.337931
seq_hotel,284,17,497.600000,504.000000,6.400000,1,16,11.823290
seq_hotel,285,16,497.600000,503.600000,6.000000,1,15,11.112655
seq_hotel,286,15,498.000000,503.600000,5.600000,1,14,7.524124
seq_hotel,287,17,498.000000,504.400000,6.400000,1,16,8.858580
seq_hotel,288,31,498.000000,510.000000,12.000000,1,30,11.557215
seq_hotel,289,20,499.200000,506.800000,7.600000,1,19,11.306441
seq_hotel,290,8,500.000000,502.800000,2.800000,1,7,4.553282
seq_hotel,291,17,500.400000,506.800000,6.400000,1,16,11.062070
seq_hotel,292,24,500.800000,510.000000,9.200000,1,23,0.000000
seq_hotel,293,24,500.800000,510.000000,9.200000,1,23,0.000000
seq_hotel,294,24,500.800000,510.000000,9.200000,1,23,1.473761
seq_hotel,295,9,503.600000,506.800000,3.200000,1,8,5.452359
seq_hotel,296,20,508.000000,515.600000,7.600000,1,19,13.072112
seq_hotel,297,20,508.000000,515.600000,7.600000,1,19,13.158022
seq_hotel,298,10,509.600000,513.200000,3.600000,1,9,5.343578
seq_hotel,299,18,511.600000,518.400000,6.800000,1,17,12.402162
seq_hotel,300,16,511.600000,517.600000,6.000000,1,15,11.130109
seq_hotel,301,16,511.600000,517.600000,6.000000,1,15,11.269947
seq_hotel,302,19,514.800000,522.000000,7.200000,1,18,12.128231
seq_hotel,303,51,516.000000,536.000000,20.000000,1,50,1.708880
seq_hotel,304,23,519.200000,528.000000,8.800000,1,22,13.926069
seq_hotel,305,4,520.400000,521.600000,1.200000,1,3,2.132798
seq_hotel,306,23,520.400000,529.200000,8.800000,1,22,13.277894
seq_hotel,307,31,522.400000,534.400000,12.000000,1,30,8.209228
seq_hotel,308,10,524.000000,527.600000,3.600000,1,9,7.446954
seq_hotel,309,28,525.200000,536.000000,10.800000,1,27,0.231349
seq_hotel,310,28,525.200000,536.000000,10.800000,1,27,0.927397
seq_hotel,311,28,525.200000,536.000000,10.800000,1,27,0.204752
seq_hotel,312,3,525.200000,526.000000,0.800000,1,2,0.259803
seq_hotel,313,28,525.200000,536.000000,10.800000,1,27,0.219878
seq_hotel,314,1,526.400000,526.400000,0.000000,1,0,0.000000
seq_hotel,315,21,526.800000,534.800000,8.000000,1,20,7.397099
seq_hotel,316,20,526.800000,534.400000,7.600000,1,19,13.317619
seq_hotel,317,20,527.200000,534.800000,7.600000,1,19,6.413907
seq_hotel,318,4,528.400000,529.600000,1.200000,1,3,2.244205
seq_hotel,319,17,529.200000,535.600000,6.400000,1,16,13.540570
seq_hotel,320,19,532.800000,540.000000,7.200000,1,18,12.512419
seq_hotel,321,2,535.200000,535.600000,0.400000,1,1,0.209469
seq_hotel,322,3,535.200000,536.000000,0.800000,1,2,0.000000
seq_hotel,323,3,535.200000,536.000000,0.800000,1,2,0.209569
seq_hotel,324,11,539.600000,543.600000,4.000000,1,10,6.984881
seq_hotel,325,14,549.200000,554.400000,5.200000,1,13,5.155340
seq_hotel,326,10,549.600000,553.200000,3.600000,1,9,7.860563
seq_hotel,327,4,550.000000,551.200000,1.200000,1,3,2.320171
seq_hotel,328,14,550.000000,555.200000,5.200000,1,13,10.643263
seq_hotel,329,14,566.400000,571.600000,5.200000,1,13,10.175800
seq_hotel,330,14,566.400000,571.600000,5.200000,1,13,8.136628
seq_hotel,331,13,566.400000,571.200000,4.800000,1,12,10.541889
seq_hotel,332,10,567.200000,570.800000,3.600000,1,9,0.619873
seq_hotel,333,20,573.600000,581.200000,7.600000,1,19,3.405464
seq_hotel,334,20,573.600000,581.200000,7.600000,1,19,10.868250
seq_hotel,335,17,575.600000,582.000000,6.400000,1,16,11.520830
seq_hotel,336,15,576.000000,581.600000,5.600000,1,14,8.850061
seq_hotel,337,16,578.000000,584.000000,6.000000,1,15,9.836855
seq_hotel,338,8,578.800000,581.600000,2.800000,1,7,0.040037
seq_hotel,340,19,592.000000,599.200000,7.200000,1,18,12.031269
seq_hotel,341,19,592.000000,599.200000,7.200000,1,18,12.218483
seq_hotel,342,3,592.800000,593.600000,0.800000,1,2,1.373630
seq_hotel,343,16,595.200000,601.200000,6.000000,1,15,10.036949
seq_hotel,344,25,598.000000,607.600000,9.600000,1,24,10.804522
seq_hotel,345,20,598.400000,606.000000,7.600000,1,19,12.750653
seq_hotel,346,19,600.400000,607.600000,7.200000,1,18,10.190300
seq_hotel,347,16,604.000000,610.000000,6.000000,1,15,7.979221
seq_hotel,348,16,604.000000,610.000000,6.000000,1,15,9.787259
seq_hotel,349,16,604.000000,610.000000,6.000000,1,15,9.240287
seq_hotel,350,10,604.000000,607.600000,3.600000,1,9,2.888304
seq_hotel,351,8,605.600000,608.400000,2.800000,1,7,5.313478
seq_hotel,354,19,632.400000,639.600000,7.200000,1,18,7.876079
seq_hotel,355,19,632.800000,640.000000,7.200000,1,18,12.665585
seq_hotel,356,77,632.800000,663.200000,30.400000,1,76,4.136660
seq_hotel,357,16,634.400000,640.400000,6.000000,1,15,10.423698
seq_hotel,358,21,636.000000,644.000000,8.000000,1,20,11.104971
seq_hotel,359,20,636.400000,644.000000,7.600000,1,19,10.422151
seq_hotel,360,13,636.800000,641.600000,4.800000,1,12,5.282920
seq_hotel,361,87,638.000000,672.400000,34.400000,1,86,3.032324
seq_hotel,362,22,640.400000,648.800000,8.400000,1,21,12.462488
seq_hotel,363,22,640.400000,648.800000,8.400000,1,21,12.422280
seq_hotel,364,19,640.800000,648.000000,7.200000,1,18,13.411625
seq_hotel,365,23,641.600000,650.400000,8.800000,1,22,13.647271
seq_hotel,366,23,641.600000,650.400000,8.800000,1,22,13.802206
seq_hotel,367,19,644.400000,651.600000,7.200000,1,18,10.184691
seq_hotel,368,19,644.400000,651.600000,7.200000,1,18,10.322916
seq_hotel,369,67,644.800000,671.200000,26.400000,1,66,3.216334
seq_hotel,371,67,644.800000,671.200000,26.400000,1,66,1.332348
seq_hotel,372,18,645.600000,652.400000,6.800000,1,17,11.372941
seq_hotel,373,18,645.600000,652.400000,6.800000,1,17,11.908823
seq_hotel,374,14,646.000000,651.200000,5.200000,1,13,10.779058
seq_hotel,375,23,646.400000,655.200000,8.800000,1,22,11.837655
seq_hotel,376,23,646.400000,655.200000,8.800000,1,22,11.795358
seq_hotel,377,22,646.400000,654.800000,8.400000,1,21,11.604852
seq_hotel,378,24,646.800000,656.000000,9.200000,1,23,4.181543
seq_hotel,379,10,648.400000,652.000000,3.600000,1,9,6.749787
seq_hotel,380,24,650.000000,659.200000,9.200000,1,23,13.472075
seq_hotel,381,16,650.000000,656.000000,6.000000,1,15,0.226357
seq_hotel,382,30,651.600000,663.200000,11.600000,1,29,13.216579
seq_hotel,383,30,651.600000,663.200000,11.600000,1,29,13.682983
seq_hotel,384,18,653.600000,660.400000,6.800000,1,17,13.442364
seq_hotel,385,21,655.200000,663.200000,8.000000,1,20,13.540234
seq_hotel,386,30,656.400000,668.000000,11.600000,1,29,2.313691
seq_hotel,387,19,657.600000,664.800000,7.200000,1,18,13.381516
seq_hotel,388,21,659.200000,667.200000,8.000000,1,20,11.812081
seq_hotel,389,21,659.200000,667.200000,8.000000,1,20,12.108468
seq_hotel,390,15,661.600000,667.200000,5.600000,1,14,5.765020
seq_hotel,391,23,662.800000,671.600000,8.800000,1,22,7.859269
seq_hotel,392,20,663.600000,671.200000,7.600000,1,19,5.464307
seq_hotel,393,19,664.000000,671.200000,7.200000,1,18,13.076623
seq_hotel,394,19,664.000000,671.200000,7.200000,1,18,13.196229
seq_hotel,395,18,664.400000,671.200000,6.800000,1,17,12.677350
seq_hotel,396,14,666.800000,672.000000,5.200000,1,13,8.516320
seq_hotel,398,17,668.800000,675.200000,6.400000,1,16,11.276565
seq_hotel,399,17,668.800000,675.200000,6.400000,1,16,11.399957
seq_hotel,400,7,668.800000,671.200000,2.400000,1,6,0.448275
seq_hotel,401,3,672.000000,672.800000,0.800000,1,2,1.050354
seq_hotel,402,7,690.400000,692.800000,2.400000,1,6,3.167524
seq_hotel,403,7,690.400000,692.800000,2.400000,1,6,2.943566
seq_hotel,404,7,690.400000,692.800000,2.400000,1,6,3.329340
seq_hotel,405,7,690.400000,692.800000,2.400000,1,6,3.359842
seq_hotel,408,11,702.000000,706.000000,4.000000,1,10,6.135753
seq_hotel,409,17,702.000000,708.400000,6.400000,1,16,12.001369
seq_hotel,410,11,703.600000,707.600000,4.000000,1,10,4.086733
seq_hotel,411,11,703.600000,707.600000,4.000000,1,10,4.836264
seq_hotel,412,22,704.800000,713.200000,8.400000,1,21,12.834005
seq_hotel,413,21,710.000000,718.000000,8.000000,1,20,12.549353
seq_hotel,414,21,710.800000,718.800000,8.000000,1,20,12.206143
seq_hotel,415,18,712.000000,718.800000,6.800000,1,17,10.133497
seq_hotel,416,19,715.200000,722.400000,7.200000,1,18,9.820255
seq_hotel,417,15,716.800000,722.400000,5.600000,1,14,7.518460
seq_hotel,418,7,717.200000,719.600000,2.400000,1,6,3.020094
seq_hotel,419,13,717.600000,722.400000,4.800000,1,12,8.227023
seq_hotel,420,6,720.400000,722.400000,2.000000,1,5,3.100998
zara01,1,9,0.000000,10.600000,10.600000,1,8,16.419601
zara01,2,10,0.000000,10.600000,10.600000,1,9,16.359916
zara01,3,9,0.000000,12.200000,12.200000,1,8,14.701645
zara01,4,9,0.000000,12.880000,12.880000,1,8,14.476659
zara01,5,6,0.000000,9.520000,9.520000,1,5,10.739824
zara01,6,10,0.000000,10.520000,10.520000,1,9,12.097835
zara01,7,7,0.000000,6.680000,6.680000,1,6,10.744434
zara01,8,38,0.000000,78.560000,78.560000,3,35,21.668623
zara01,9,14,0.920000,25.360000,24.440000,2,12,18.002343
zara01,10,10,4.760000,17.480000,12.720000,1,9,18.311731
zara01,11,9,7.800000,16.600000,8.800000,1,8,18.600651
zara01,12,11,13.160000,25.920000,12.760000,1,10,18.713312
zara01,13,10,13.240000,24.960000,11.720000,1,9,18.289467
zara01,14,10,18.240000,29.320000,11.080000,1,9,18.473148
zara01,15,16,18.400000,30.840000,12.440000,1,15,18.895734
zara01,16,16,19.560000,41.760000,22.200000,1,15,18.550852
zara01,17,16,20.760000,42.240000,21.480000,1,15,18.624013
zara01,18,14,23.240000,37.200000,13.960000,1,13,10.376604
zara01,19,16,24.200000,43.080000,18.880000,1,15,19.138041
zara01,20,8,25.360000,33.200000,7.840000,1,7,5.342241
zara01,21,12,34.240000,47.360000,13.120000,1,11,19.800466
zara01,22,12,33.920000,48.280000,14.360000,1,11,18.767346
zara01,23,11,43.040000,55.640000,12.600000,1,10,18.713583
zara01,24,8,43.760000,55.320000,11.560000,1,7,18.400722
zara01,25,8,44.000000,55.600000,11.600000,1,7,18.317153
zara01,26,11,46.280000,56.680000,10.400000,1,10,18.558479
zara01,27,12,52.160000,63.400000,11.240000,1,11,19.152242
zara01,28,10,62.040000,73.280000,11.240000,1,9,18.285206
zara01,29,8,62.040000,73.200000,11.160000,1,7,18.266146
zara01,30,11,62.440000,72.560000,10.120000,1,10,18.330456
zara01,31,10,62.640000,72.360000,9.720000,1,9,18.052511
zara01,32,15,66.520000,86.920000,20.400000,1,14,18.525664
zara01,33,13,66.520000,87.240000,20.720000,2,11,18.214309
zara01,34,14,72.760000,96.640000,23.880000,1,13,18.466268
zara01,35,14,74.160000,96.640000,22.480000,1,13,18.339835
zara01,36,8,81.000000,88.960000,7.960000,1,7,18.281174
zara01,37,12,83.000000,95.800000,12.800000,1,11,18.978315
zara01,38,9,100.840000,111.920000,11.080000,1,8,18.260793
zara01,39,9,101.040000,112.200000,11.160000,1,8,18.396577
zara01,40,11,114.840000,128.960000,14.120000,1,10,18.841939
zara01,41,11,115.160000,129.720000,14.560000,1,10,18.541015
zara01,42,10,117.360000,129.040000,11.680000,1,9,18.287392
zara01,43,8,121.040000,130.040000,9.000000,1,7,18.470840
zara01,44,9,121.560000,132.920000,11.360000,1,8,18.253912
zara01,45,9,121.640000,133.000000,11.360000,1,8,18.433266
zara01,46,8,125.040000,136.360000,11.320000,1,7,18.262581
zara01,47,8,125.040000,137.000000,11.960000,1,7,18.305876
zara01,48,9,127.600000,139.240000,11.640000,1,8,18.154601
zara01,49,10,128.280000,140.080000,11.800000,1,9,18.390474
zara01,50,10,128.320000,140.520000,12.200000,1,9,18.072101
zara01,51,7,133.440000,143.520000,10.080000,1,6,18.355099
zara01,52,8,134.960000,144.600000,9.640000,1,7,18.163934
zara01,53,11,134.680000,145.320000,10.640000,1,10,18.640819
zara01,54,12,142.880000,157.400000,14.520000,1,11,18.717122
zara01,55,12,143.360000,156.960000,13.600000,1,11,18.768591
zara01,56,11,143.360000,156.360000,13.000000,1,10,19.067398
zara01,57,11,146.360000,157.840000,11.480000,1,10,18.975477
zara01,58,11,145.000000,157.680000,12.680000,1,10,18.580721
zara01,59,11,145.960000,158.320000,12.360000,1,10,18.560377
zara01,60,9,150.320000,162.600000,12.280000,1,8,18.051080
zara01,61,8,150.520000,162.720000,12.200000,1,7,18.147560
zara01,62,9,150.520000,162.720000,12.200000,1,8,18.191102
zara01,63,8,152.160000,158.840000,6.680000,1,7,6.287606
zara01,64,6,154.360000,160.200000,5.840000,1,5,6.323389
zara01,65,14,160.520000,182.680000,22.160000,1,13,20.777382
zara01,66,14,160.520000,182.680000,22.160000,1,13,21.932302
zara01,67,10,172.520000,185.800000,13.280000,1,9,18.501880
zara01,68,14,174.040000,190.040000,16.000000,1,13,18.854411
zara01,69,7,174.200000,181.800000,7.600000,1,6,18.259835
zara01,70,11,178.200000,191.400000,13.200000,1,10,13.024600
zara01,71,4,181.160000,184.600000,3.440000,1,3,4.858721
zara01,72,8,186.600000,197.320000,10.720000,1,7,18.339963
zara01,73,8,189.800000,200.600000,10.800000,1,7,18.541195
zara01,74,8,190.000000,200.760000,10.760000,1,7,18.358121
zara01,75,8,192.960000,203.120000,10.160000,1,7,18.588090
zara01,76,14,200.040000,224.720000,24.680000,1,13,18.193309
zara01,77,16,201.040000,225.080000,24.040000,1,15,19.019395
zara01,78,17,201.760000,225.160000,23.400000,1,16,19.410995
zara01,79,10,202.440000,215.920000,13.480000,1,9,18.550790
zara01,80,10,203.760000,216.840000,13.080000,1,9,18.328001
zara01,81,14,203.720000,221.680000,17.960000,1,13,19.029076
zara01,82,13,204.000000,221.320000,17.320000,1,12,18.897214
zara01,83,12,205.200000,219.200000,14.000000,1,11,18.850916
zara01,84,12,206.000000,219.160000,13.160000,1,11,18.616536
zara01,85,9,204.600000,221.640000,17.040000,2,7,11.710069
zara01,86,10,211.400000,224.240000,12.840000,1,9,18.277102
zara01,87,10,212.600000,225.320000,12.720000,1,9,18.331867
zara01,88,13,212.600000,225.520000,12.920000,1,12,18.423164
zara01,89,14,212.720000,226.720000,14.000000,1,13,19.454666
zara01,90,17,213.600000,238.840000,25.240000,1,16,20.634759
zara01,91,10,214.920000,230.640000,15.720000,1,9,18.346877
zara01,92,11,214.920000,230.680000,15.760000,1,10,18.586994
zara01,93,12,215.200000,231.320000,16.120000,1,11,18.494746
zara01,94,11,216.360000,229.880000,13.520000,1,10,18.403856
zara01,95,12,216.600000,232.640000,16.040000,1,11,18.804688
zara01,96,7,217.120000,228.560000,11.440000,1,6,18.279226
zara01,97,8,217.200000,228.720000,11.520000,1,7,18.228935
zara01,98,8,228.400000,240.960000,12.560000,1,7,18.177340
zara01,99,9,234.240000,248.120000,13.880000,1,8,18.399810
zara01,100,9,234.320000,247.920000,13.600000,1,8,18.627174
zara01,101,6,236.600000,245.000000,8.400000,1,5,18.215482
zara01,102,6,239.000000,247.240000,8.240000,1,5,18.447390
zara01,103,8,242.840000,254.840000,12.000000,1,7,18.394458
zara01,104,9,242.840000,255.080000,12.240000,1,8,18.278951
zara01,105,8,245.280000,255.280000,10.000000,1,7,18.410899
zara01,106,7,245.440000,255.320000,9.880000,1,6,18.446499
zara01,107,7,251.160000,262.040000,10.880000,1,6,18.384796
zara01,108,7,251.560000,262.200000,10.640000,1,6,18.137341
zara01,109,5,255.840000,267.000000,11.160000,2,3,11.721029
zara01,110,6,255.920000,266.920000,11.000000,1,5,17.912209
zara01,111,13,259.200000,273.960000,14.760000,1,12,18.259867
zara01,112,10,260.240000,274.160000,13.920000,1,9,18.492569
zara01,113,11,260.760000,274.880000,14.120000,1,10,18.328410
zara01,114,10,261.200000,274.040000,12.840000,1,9,18.269975
zara01,115,11,261.200000,273.520000,12.320000,1,10,18.429440
zara01,116,9,261.200000,273.720000,12.520000,1,8,18.432159
zara01,117,8,263.920000,276.480000,12.560000,1,7,18.004800
zara01,118,10,264.200000,276.680000,12.480000,1,9,18.202391
zara01,119,10,270.760000,281.680000,10.920000,1,9,18.522808
zara01,120,9,272.280000,284.800000,12.520000,1,8,17.746673
zara01,121,8,272.560000,284.400000,11.840000,1,7,18.148160
zara01,122,9,279.200000,290.360000,11.160000,1,8,18.242819
zara01,123,9,279.360000,290.520000,11.160000,1,8,18.273429
zara01,124,8,280.280000,291.680000,11.400000,1,7,18.345900
zara01,125,8,280.520000,291.920000,11.400000,1,7,18.326458
zara01,126,13,292.120000,310.160000,18.040000,1,12,18.489017
zara01,127,10,293.120000,309.520000,16.400000,1,9,18.435176
zara01,128,10,293.440000,308.800000,15.360000,1,9,18.329067
zara01,129,10,293.360000,309.600000,16.240000,1,9,18.474521
zara01,130,10,294.400000,308.400000,14.000000,1,9,18.946839
zara01,131,8,300.000000,312.240000,12.240000,1,7,18.356894
zara01,132,8,305.320000,316.800000,11.480000,1,7,18.074480
zara01,133,12,306.920000,323.240000,16.320000,1,11,18.907744
zara01,134,10,307.920000,321.160000,13.240000,1,9,19.053199
zara01,135,7,310.480000,323.880000,13.400000,1,6,18.267796
zara01,136,8,310.960000,324.200000,13.240000,1,7,18.251232
zara01,137,7,320.280000,327.120000,6.840000,1,6,8.799798
zara01,138,8,320.480000,327.440000,6.960000,1,7,9.992282
zara01,139,12,334.360000,348.040000,13.680000,1,11,18.332699
zara01,140,12,336.120000,349.120000,13.000000,1,11,19.462159
zara01,141,10,343.280000,352.040000,8.760000,1,9,11.019458
zara01,142,8,344.080000,351.960000,7.880000,1,7,10.046042
zara01,143,15,344.920000,359.720000,14.800000,1,14,18.621824
zara01,144,11,345.920000,360.080000,14.160000,1,10,18.403666
zara01,145,6,346.280000,356.520000,10.240000,1,5,18.411669
zara01,146,8,346.400000,356.600000,10.200000,1,7,18.359571
zara01,147,12,346.440000,360.080000,13.640000,1,11,18.255769
zara01,148,7,342.080000,360.560000,18.480000,2,5,3.714343
zara02,1,11,0.000000,13.600000,13.600000,1,10,18.690245
zara02,2,11,0.240000,13.800000,13.560000,1,10,18.796786
zara02,3,10,2.920000,10.920000,8.000000,1,9,15.997097
zara02,4,8,8.640000,18.440000,9.800000,1,7,18.556587
zara02,5,8,8.120000,15.760000,7.640000,1,7,12.385850
zara02,6,8,8.160000,15.680000,7.520000,1,7,11.980202
zara02,7,14,13.040000,26.800000,13.760000,1,13,16.806862
zara02,8,9,15.040000,28.520000,13.480000,1,8,18.530003
zara02,9,9,15.320000,28.360000,13.040000,1,8,18.674048
zara02,10,15,15.760000,32.040000,16.280000,1,14,19.224902
zara02,11,11,16.880000,30.000000,13.120000,1,10,18.767469
zara02,12,12,17.760000,30.240000,12.480000,1,11,18.588017
zara02,13,11,17.800000,29.760000,11.960000,1,10,18.703559
zara02,14,11,20.880000,32.680000,11.800000,1,10,19.051297
zara02,15,12,22.320000,37.000000,14.680000,1,11,19.216114
zara02,16,12,22.400000,35.440000,13.040000,1,11,18.778203
zara02,17,14,24.360000,39.280000,14.920000,1,13,19.415775
zara02,18,12,25.440000,38.960000,13.520000,1,11,19.108443
zara02,19,7,39.240000,49.720000,10.480000,1,6,18.559861
zara02,20,16,46.280000,63.040000,16.760000,1,15,20.581925
zara02,21,14,48.040000,63.240000,15.200000,1,13,20.521017
zara02,22,9,46.400000,55.320000,8.920000,1,8,18.816897
zara02,23,14,47.360000,62.120000,14.760000,1,13,18.931836
zara02,24,14,47.880000,65.720000,17.840000,1,13,19.111509
zara02,25,14,48.560000,65.720000,17.160000,1,13,18.884602
zara02,26,8,48.600000,58.880000,10.280000,1,7,18.693085
zara02,27,8,48.600000,58.760000,10.160000,1,7,18.602043
zara02,28,9,48.760000,59.680000,10.920000,1,8,18.770599
zara02,29,11,48.960000,59.400000,10.440000,1,10,18.759020
zara02,30,9,53.560000,64.280000,10.720000,1,8,18.654166
zara02,31,9,53.680000,64.400000,10.720000,1,8,18.586033
zara02,32,11,56.360000,69.600000,13.240000,1,10,18.711281
zara02,33,12,59.160000,73.800000,14.640000,1,11,19.099348
zara02,34,13,60.280000,75.120000,14.840000,1,12,18.826318
zara02,35,10,60.680000,71.120000,10.440000,1,9,18.913269
zara02,36,10,62.280000,74.600000,12.320000,1,9,18.590226
zara02,37,10,65.800000,77.080000,11.280000,1,9,19.022846
zara02,38,10,62.280000,80.840000,18.560000,2,8,6.253402
zara02,39,7,64.520000,80.360000,15.840000,2,5,3.081790
zara02,40,7,65.720000,80.880000,15.160000,2,5,3.216358
zara02,41,16,71.640000,94.720000,23.080000,2,14,22.150688
zara02,42,8,76.840000,85.200000,8.360000,1,7,18.756433
zara02,43,16,78.320000,118.800000,40.480000,4,12,18.988272
zara02,44,36,78.360000,210.360000,132.000000,12,24,26.707282
zara02,45,10,82.480000,95.560000,13.080000,1,9,18.704778
zara02,46,10,83.080000,95.520000,12.440000,1,9,18.623654
zara02,47,12,83.200000,99.960000,16.760000,1,11,18.937225
zara02,48,14,86.880000,101.480000,14.600000,1,13,18.852452
zara02,49,13,86.960000,101.840000,14.880000,1,12,18.800957
zara02,50,10,92.440000,105.560000,13.120000,1,9,18.694521
zara02,51,9,92.480000,105.440000,12.960000,1,8,18.594594
zara02,52,9,93.240000,105.840000,12.600000,1,8,18.659969
zara02,53,9,94.920000,107.240000,12.320000,1,8,18.541901
zara02,54,12,99.080000,114.920000,15.840000,1,11,20.163970
zara02,55,9,116.360000,125.320000,8.960000,1,8,18.749531
zara02,56,11,118.720000,131.520000,12.800000,1,10,19.109498
zara02,57,10,118.720000,130.240000,11.520000,1,9,18.904254
zara02,58,11,120.560000,135.280000,14.720000,1,10,18.733055
zara02,59,11,121.160000,135.440000,14.280000,1,10,18.686567
zara02,60,9,128.080000,140.000000,11.920000,1,8,18.813658
zara02,61,9,128.160000,140.360000,12.200000,1,8,18.748850
zara02,62,8,129.240000,141.360000,12.120000,1,7,18.622392
zara02,63,9,129.320000,141.480000,12.160000,1,8,18.492780
zara02,64,8,131.720000,141.880000,10.160000,1,7,18.812846
zara02,65,7,132.480000,142.080000,9.600000,1,6,18.564297
zara02,66,12,132.560000,146.160000,13.600000,1,11,19.413916
zara02,67,6,142.000000,149.040000,7.040000,1,5,18.629569
zara02,68,10,150.240000,162.960000,12.720000,1,9,18.867866
zara02,69,25,156.240000,389.360000,233.120000,6,19,21.116754
zara02,70,22,156.400000,389.200000,232.800000,5,17,21.526478
zara02,71,21,159.920000,261.480000,101.560000,5,16,20.123949
zara02,72,7,163.480000,173.720000,10.240000,1,6,18.629395
zara02,73,8,169.920000,181.320000,11.400000,1,7,18.704449
zara02,74,6,170.040000,181.160000,11.120000,1,5,18.623754
zara02,75,10,174.960000,185.280000,10.320000,1,9,18.754958
zara02,76,22,177.720000,221.120000,43.400000,2,20,21.434809
zara02,77,21,178.160000,218.800000,40.640000,3,18,19.769697
zara02,78,18,178.560000,198.120000,19.560000,1,17,19.529438
zara02,79,12,179.840000,190.760000,10.920000,1,11,18.705642
zara02,80,10,180.280000,191.840000,11.560000,1,9,18.756799
zara02,81,8,180.400000,191.600000,11.200000,1,7,18.644594
zara02,82,8,181.600000,188.800000,7.200000,1,7,10.853212
zara02,83,8,182.240000,188.720000,6.480000,1,7,9.472286
zara02,84,9,182.320000,189.280000,6.960000,1,8,11.315881
zara02,85,7,182.840000,187.560000,4.720000,1,6,8.002512
zara02,86,12,191.000000,201.520000,10.520000,1,11,18.731160
zara02,87,12,191.160000,201.680000,10.520000,1,11,18.935472
zara02,88,20,191.160000,214.920000,23.760000,2,18,13.901881
zara02,89,16,192.880000,207.600000,14.720000,1,15,19.144964
zara02,90,13,193.120000,207.480000,14.360000,1,12,18.880487
zara02,91,12,195.280000,206.880000,11.600000,1,11,19.313152
zara02,92,12,195.640000,207.160000,11.520000,1,11,19.006199
zara02,93,15,194.240000,208.680000,14.440000,1,14,18.778592
zara02,94,16,194.480000,208.560000,14.080000,1,15,18.863071
zara02,95,5,198.680000,201.560000,2.880000,1,4,1.938708
zara02,96,8,204.760000,210.160000,5.400000,1,7,8.708387
zara02,97,7,205.320000,210.360000,5.040000,1,6,7.472992
zara02,98,15,206.920000,220.680000,13.760000,1,14,19.640878
zara02,99,12,207.600000,220.920000,13.320000,1,11,19.519643
zara02,100,10,211.480000,226.680000,15.200000,1,9,18.700570
zara02,101,10,211.520000,220.840000,9.320000,1,9,19.122287
zara02,102,11,211.880000,227.000000,15.120000,1,10,18.641240
zara02,103,12,214.720000,233.200000,18.480000,1,11,18.656349
zara02,104,13,215.440000,234.440000,19.000000,1,12,18.890868
zara02,105,14,216.080000,234.720000,18.640000,1,13,18.846262
zara02,106,20,219.640000,245.200000,25.560000,2,18,20.795636
zara02,107,12,222.200000,235.280000,13.080000,1,11,18.949721
zara02,108,11,223.040000,236.200000,13.160000,1,10,18.866457
zara02,109,11,222.800000,236.800000,14.000000,1,10,18.712599
zara02,110,12,222.800000,236.440000,13.640000,1,11,18.647928
zara02,111,19,224.280000,389.160000,164.880000,4,15,18.894210
zara02,112,22,224.800000,389.320000,164.520000,3,19,19.407563
zara02,113,13,225.440000,237.320000,11.880000,1,12,19.123752
zara02,114,8,232.880000,240.840000,7.960000,1,7,18.864507
zara02,115,12,232.880000,247.040000,14.160000,1,11,19.519293
zara02,116,9,235.560000,244.960000,9.400000,1,8,18.719331
zara02,117,11,240.360000,250.400000,10.040000,1,10,19.069640
zara02,118,14,239.960000,256.360000,16.400000,1,13,19.330979
zara02,119,10,242.240000,256.280000,14.040000,1,9,18.732741
zara02,120,12,245.440000,259.400000,13.960000,1,11,18.899784
zara02,121,12,246.440000,259.400000,12.960000,1,11,18.815923
zara02,122,15,249.560000,268.120000,18.560000,1,14,19.324810
zara02,123,13,250.480000,267.960000,17.480000,1,12,18.958668
zara02,124,8,255.520000,261.760000,6.240000,1,7,5.538656
zara02,125,6,256.320000,261.960000,5.640000,1,5,5.762867
zara02,126,6,257.640000,263.320000,5.680000,1,5,5.596757
zara02,127,8,260.880000,271.640000,10.760000,1,7,18.797739
zara02,128,9,260.920000,271.720000,10.800000,1,8,18.825389
zara02,129,9,262.640000,271.480000,8.840000,1,8,19.056464
zara02,130,23,269.760000,311.080000,41.320000,2,21,19.556569
zara02,131,28,270.360000,310.800000,40.440000,2,26,20.241856
zara02,132,9,276.800000,286.360000,9.560000,1,8,18.741433
zara02,133,10,277.760000,288.440000,10.680000,1,9,18.646544
zara02,134,9,277.920000,288.800000,10.880000,1,8,18.720576
zara02,135,10,279.720000,291.480000,11.760000,1,9,18.615352
zara02,136,11,280.920000,294.280000,13.360000,1,10,19.083112
zara02,137,11,285.160000,296.600000,11.440000,1,10,18.944846
zara02,138,10,286.000000,296.960000,10.960000,1,9,18.647333
zara02,139,17,286.480000,306.200000,19.720000,1,16,20.816212
zara02,140,15,287.640000,305.720000,18.080000,1,14,20.882029
zara02,141,8,293.600000,303.280000,9.680000,1,7,18.697122
zara02,142,8,294.320000,303.640000,9.320000,1,7,18.579723
zara02,143,12,297.080000,310.400000,13.320000,1,11,19.298008
zara02,144,16,299.080000,317.160000,18.080000,1,15,19.248430
zara02,145,18,299.320000,317.320000,18.000000,1,17,18.709662
zara02,146,16,299.160000,317.600000,18.440000,1,15,18.775760
zara02,147,14,300.040000,311.600000,11.560000,1,13,19.060741
zara02,148,14,300.520000,317.120000,16.600000,1,13,18.856530
zara02,149,3,301.400000,303.760000,2.360000,1,2,1.224206
zara02,150,11,304.960000,319.040000,14.080000,1,10,18.806349
zara02,151,12,304.800000,318.960000,14.160000,1,11,18.745203
zara02,152,15,307.000000,323.080000,16.080000,1,14,19.049623
zara02,153,15,307.280000,325.520000,18.240000,1,14,19.161867
zara02,154,10,308.720000,317.760000,9.040000,1,9,18.740806
zara02,155,11,308.720000,319.560000,10.840000,1,10,18.878101
zara02,156,12,310.960000,325.400000,14.440000,1,11,18.881152
zara02,157,14,311.080000,325.360000,14.280000,1,13,18.904697
zara02,158,12,310.880000,325.680000,14.800000,1,11,18.919312
zara02,159,9,315.680000,328.120000,12.440000,1,8,18.796917
zara02,160,13,319.240000,334.520000,15.280000,1,12,18.944083
zara02,161,11,325.640000,336.160000,10.520000,1,10,15.568178
zara02,162,9,326.920000,337.280000,10.360000,1,8,18.717119
zara02,163,9,327.160000,337.480000,10.320000,1,8,18.824875
zara02,164,11,329.600000,343.240000,13.640000,1,10,18.837048
zara02,165,11,330.480000,342.160000,11.680000,1,10,19.778057
zara02,166,13,331.680000,347.200000,15.520000,1,12,13.892306
zara02,167,14,332.160000,346.840000,14.680000,1,13,13.320696
zara02,168,13,332.120000,348.080000,15.960000,1,12,19.013658
zara02,169,21,331.840000,413.360000,81.520000,4,17,19.584351
zara02,170,10,332.280000,344.360000,12.080000,1,9,18.867411
zara02,171,11,333.400000,347.000000,13.600000,1,10,18.971482
zara02,172,11,338.640000,352.400000,13.760000,1,10,18.833345
zara02,173,12,338.760000,352.200000,13.440000,1,11,18.764008
zara02,174,5,348.080000,366.320000,18.240000,3,2,1.611034
zara02,175,11,351.800000,364.200000,12.400000,1,10,19.020949
zara02,176,10,352.080000,363.960000,11.880000,1,9,18.820492
zara02,177,18,354.760000,390.120000,35.360000,3,15,18.736766
zara02,178,18,355.560000,390.320000,34.760000,3,15,18.662936
zara02,179,11,364.240000,379.240000,15.000000,2,9,9.633426
zara02,180,11,366.760000,380.680000,13.920000,1,10,19.071020
zara02,181,11,368.160000,382.200000,14.040000,1,10,18.917260
zara02,182,11,368.560000,382.920000,14.360000,1,10,18.948269
zara02,183,12,371.840000,387.440000,15.600000,1,11,19.010619
zara02,184,12,371.920000,388.080000,16.160000,1,11,18.821374
zara02,185,9,379.240000,390.760000,11.520000,1,8,18.667005
zara02,186,20,381.520000,409.880000,28.360000,2,18,20.460137
zara02,187,10,384.480000,398.440000,13.960000,1,9,18.714261
zara02,188,14,384.960000,399.720000,14.760000,1,13,18.645509
zara02,189,9,393.400000,406.080000,12.680000,1,8,18.709130
zara02,190,11,393.600000,406.040000,12.440000,1,10,18.510578
zara02,191,9,395.800000,407.440000,11.640000,1,8,18.722346
zara02,192,9,395.800000,407.440000,11.640000,1,8,18.610571
zara02,193,11,396.320000,407.320000,11.000000,1,10,19.190114
zara02,194,8,397.040000,407.560000,10.520000,1,7,18.624397
zara02,195,10,397.600000,408.320000,10.720000,1,9,18.962953
zara02,196,10,401.720000,414.280000,12.560000,1,9,18.790598
zara02,197,11,404.800000,419.440000,14.640000,1,10,18.719046
zara02,198,11,405.720000,419.480000,13.760000,1,10,18.698164
zara02,199,8,406.000000,416.120000,10.120000,1,7,18.557617
zara02,200,11,406.640000,419.240000,12.600000,1,10,18.522618
zara02,201,7,408.280000,414.520000,6.240000,1,6,7.795222
zara02,202,10,409.280000,420.480000,11.200000,1,9,17.375202
zara02,203,6,415.640000,420.480000,4.840000,1,5,7.225242
zara02,204,6,415.920000,420.480000,4.560000,1,5,7.204507
students03,1,5,0.000000,5.880000,5.880000,1,4,6.699038
students03,2,4,0.000000,3.600000,3.600000,1,3,4.068441
students03,3,14,0.000000,14.680000,14.680000,1,13,12.089989
students03,4,20,0.000000,42.960000,42.960000,4,16,13.510335
students03,5,10,0.000000,10.880000,10.880000,1,9,15.175764
students03,6,4,0.000000,4.120000,4.120000,1,3,1.765393
students03,7,17,0.000000,17.760000,17.760000,1,16,15.562978
students03,8,16,0.000000,18.400000,18.400000,1,15,15.956644
students03,9,9,0.000000,11.480000,11.480000,1,8,5.377740
students03,10,20,0.000000,25.280000,25.280000,1,19,17.447760
students03,11,20,0.000000,25.200000,25.200000,1,19,17.080460
students03,12,20,0.000000,23.800000,23.800000,1,19,16.378891
students03,13,19,0.000000,25.640000,25.640000,1,18,17.690056
students03,14,8,0.000000,12.040000,12.040000,2,6,3.783369
students03,15,9,0.000000,10.480000,10.480000,1,8,4.909481
students03,16,9,0.000000,11.800000,11.800000,1,8,5.251314
students03,17,14,0.960000,13.560000,12.600000,1,13,16.855755
students03,18,6,1.240000,6.800000,5.560000,1,5,3.691246
students03,19,15,2.080000,22.040000,19.960000,1,14,16.249643
students03,20,14,3.560000,21.280000,17.720000,1,13,15.976375
students03,21,7,0.000000,8.560000,8.560000,1,6,5.751108
students03,22,10,0.000000,8.960000,8.960000,1,9,6.785129
students03,23,21,0.440000,19.960000,19.520000,1,20,16.695251
students03,24,14,1.680000,12.160000,10.480000,1,13,16.100080
students03,25,17,0.000000,15.720000,15.720000,1,16,14.169082
students03,26,15,5.680000,19.440000,13.760000,1,14,15.309843
students03,27,17,6.960000,23.080000,16.120000,1,16,16.405529
students03,28,24,5.920000,30.640000,24.720000,1,23,19.585679
students03,29,16,7.200000,23.320000,16.120000,1,15,16.015414
students03,30,20,7.440000,30.720000,23.280000,1,19,17.992772
students03,31,8,8.840000,15.840000,7.000000,1,7,8.199672
students03,32,8,10.360000,16.680000,6.320000,1,7,7.187018
students03,33,14,13.880000,28.720000,14.840000,1,13,17.454150
students03,34,14,15.040000,27.960000,12.920000,1,13,17.315031
students03,35,8,16.160000,24.080000,7.920000,1,7,5.184712
students03,36,8,16.520000,23.480000,6.960000,1,7,4.322960
students03,37,21,15.920000,36.640000,20.720000,1,20,18.359543
students03,38,18,22.720000,41.640000,18.920000,1,17,16.243721
students03,39,16,23.760000,41.640000,17.880000,1,15,16.424296
students03,40,7,25.200000,32.480000,7.280000,1,6,4.076511
students03,41,9,25.160000,40.760000,15.600000,2,7,2.953280
students03,42,13,27.400000,42.000000,14.600000,1,12,17.470440
students03,43,9,28.040000,40.080000,12.040000,1,8,4.120265
students03,44,15,28.680000,43.200000,14.520000,1,14,17.107375
students03,45,22,28.960000,56.840000,27.880000,1,21,16.532870
students03,46,20,29.960000,57.200000,27.240000,1,19,16.231004
students03,47,20,29.880000,57.520000,27.640000,1,19,16.433901
students03,48,15,32.040000,49.960000,17.920000,1,14,16.311616
students03,49,14,32.560000,50.360000,17.800000,1,13,16.067680
students03,50,19,36.160000,57.040000,20.880000,1,18,22.149127
students03,51,25,36.480000,73.960000,37.480000,3,22,21.770120
students03,52,17,42.440000,60.400000,17.960000,1,16,16.638063
students03,53,20,43.240000,60.160000,16.920000,1,19,16.543709
students03,54,15,44.760000,60.440000,15.680000,1,14,16.288843
students03,55,19,45.000000,70.840000,25.840000,1,18,16.159555
students03,56,17,45.200000,70.880000,25.680000,1,16,15.963200
students03,57,16,48.520000,64.040000,15.520000,1,15,16.146792
students03,58,15,52.680000,71.000000,18.320000,1,14,16.760157
students03,59,13,53.320000,70.960000,17.640000,1,12,16.562984
students03,60,11,55.200000,69.520000,14.320000,2,9,9.766057
students03,61,13,55.520000,69.760000,14.240000,1,12,10.215282
students03,62,12,59.960000,73.960000,14.000000,1,11,9.470889
students03,63,13,60.680000,75.200000,14.520000,1,12,10.314519
students03,64,19,61.480000,89.080000,27.600000,1,18,16.462917
students03,65,20,62.720000,89.120000,26.400000,1,19,16.216333
students03,66,19,62.560000,88.800000,26.240000,1,18,16.296414
students03,67,14,65.720000,82.800000,17.080000,1,13,17.210466
students03,68,8,67.000000,77.840000,10.840000,1,7,8.007931
students03,69,10,67.600000,77.280000,9.680000,1,9,7.330391
students03,70,17,69.680000,88.360000,18.680000,1,16,16.439702
students03,71,15,69.720000,88.360000,18.640000,1,14,16.014108
students03,72,26,58.320000,96.880000,38.560000,2,24,22.506552
students03,73,10,9.040000,18.320000,9.280000,1,9,6.400329
students03,74,15,1.840000,26.880000,25.040000,2,13,5.085848
students03,75,27,1.840000,42.720000,40.880000,1,26,17.245157
students03,76,23,2.200000,27.280000,25.080000,1,22,19.255863
students03,77,18,7.680000,27.400000,19.720000,1,17,16.326635
students03,78,16,7.680000,26.720000,19.040000,1,15,15.983048
students03,79,14,11.840000,25.440000,13.600000,1,13,16.204341
students03,80,16,13.160000,33.320000,20.160000,1,15,18.224090
students03,81,15,13.400000,30.240000,16.840000,1,14,17.479356
students03,82,15,13.360000,32.760000,19.400000,1,14,8.213515
students03,83,23,17.840000,44.600000,26.760000,1,22,22.819231
students03,84,11,19.480000,32.560000,13.080000,1,10,6.092446
students03,85,12,19.960000,33.160000,13.200000,1,11,6.539838
students03,86,16,21.920000,38.680000,16.760000,1,15,17.375829
students03,87,22,28.600000,52.840000,24.240000,1,21,18.771459
students03,88,12,31.200000,42.480000,11.280000,1,11,15.983339
students03,89,17,33.840000,52.640000,18.800000,1,16,16.820002
students03,90,18,34.360000,53.560000,19.200000,1,17,16.804365
students03,91,16,35.200000,50.200000,15.000000,1,15,16.199378
students03,92,13,36.680000,52.840000,16.160000,1,12,16.048013
students03,93,17,37.920000,56.680000,18.760000,1,16,17.911849
students03,94,13,39.080000,53.400000,14.320000,1,12,15.898753
students03,95,15,39.080000,54.400000,15.320000,1,14,16.462308
students03,96,16,44.280000,63.000000,18.720000,1,15,17.401353
students03,97,10,50.080000,59.920000,9.840000,1,9,16.150404
students03,98,14,50.400000,72.840000,22.440000,1,13,11.649360
students03,99,18,50.640000,74.160000,23.520000,1,17,13.678444
students03,100,11,51.800000,63.480000,11.680000,1,10,16.353877
students03,101,9,52.160000,62.040000,9.880000,1,8,16.599834
students03,102,11,57.560000,69.160000,11.600000,1,10,17.062606
students03,103,23,62.400000,97.720000,35.320000,2,21,21.480336
students03,104,17,64.000000,85.800000,21.800000,1,16,17.986621
students03,105,9,69.800000,79.720000,9.920000,1,8,16.400418
students03,106,14,70.360000,87.880000,17.520000,1,13,16.171373
students03,107,14,70.360000,87.920000,17.560000,1,13,16.280622
students03,108,15,71.200000,89.280000,18.080000,1,14,16.065281
students03,109,14,70.920000,89.520000,18.600000,1,13,15.861271
students03,110,17,74.120000,94.000000,19.880000,1,16,16.630197
students03,111,13,74.480000,89.920000,15.440000,1,12,16.089125
students03,112,12,74.840000,89.520000,14.680000,1,11,16.020373
students03,113,13,78.720000,90.800000,12.080000,1,12,16.324441
students03,114,14,80.200000,101.480000,21.280000,1,13,15.983163
students03,115,15,80.400000,103.280000,22.880000,1,14,15.994785
students03,116,15,80.520000,103.160000,22.640000,1,14,15.973973
students03,117,12,81.040000,101.200000,20.160000,1,11,16.378470
students03,118,7,82.000000,91.600000,9.600000,1,6,6.769407
students03,119,7,82.080000,91.440000,9.360000,1,6,5.541819
students03,120,11,87.520000,98.760000,11.240000,1,10,16.282776
students03,121,15,87.680000,114.280000,26.600000,3,12,16.420251
students03,122,17,88.360000,107.360000,19.000000,1,16,18.593879
students03,123,16,88.920000,114.760000,25.840000,2,14,16.318894
students03,124,14,89.680000,106.720000,17.040000,1,13,16.668568
students03,125,9,90.240000,102.080000,11.840000,1,8,11.055590
students03,126,10,90.560000,102.280000,11.720000,1,9,11.320301
students03,127,17,91.160000,114.160000,23.000000,1,16,16.447468
students03,128,21,91.400000,115.800000,24.400000,1,20,17.959120
students03,129,21,92.240000,116.360000,24.120000,1,20,17.950639
students03,130,20,92.240000,116.120000,23.880000,1,19,16.492168
students03,131,16,92.480000,107.760000,15.280000,1,15,17.353334
students03,132,20,92.480000,116.880000,24.400000,1,19,17.228729
students03,133,21,92.840000,115.920000,23.080000,1,20,16.135016
students03,134,16,93.760000,113.080000,19.320000,1,15,15.882979
students03,135,13,93.960000,107.680000,13.720000,1,12,16.349730
students03,136,12,95.840000,109.640000,13.800000,1,11,16.258136
students03,137,14,97.840000,116.680000,18.840000,1,13,15.889747
students03,138,14,97.920000,116.640000,18.720000,1,13,16.008424
students03,139,10,99.720000,109.440000,9.720000,1,9,16.176415
students03,140,14,100.760000,118.480000,17.720000,1,13,16.321255
students03,141,13,101.360000,118.560000,17.200000,1,12,16.216901
students03,142,24,105.800000,178.200000,72.400000,4,20,21.360170
students03,143,14,108.840000,124.120000,15.280000,1,13,15.374241
students03,144,12,109.040000,121.680000,12.640000,1,11,16.711626
students03,145,15,110.360000,126.960000,16.600000,1,14,17.156916
students03,146,12,113.280000,130.360000,17.080000,1,11,16.345973
students03,147,13,113.720000,131.520000,17.800000,1,12,16.551658
students03,148,10,117.880000,130.360000,12.480000,1,9,16.594179
students03,149,10,117.880000,130.280000,12.400000,1,9,16.548723
students03,150,11,122.200000,137.800000,15.600000,1,10,16.025466
students03,151,12,122.240000,137.240000,15.000000,1,11,16.172875
students03,152,11,124.320000,137.840000,13.520000,1,10,15.732960
students03,153,10,124.600000,137.600000,13.000000,1,9,15.893115
students03,154,10,125.000000,137.720000,12.720000,1,9,15.769372
students03,155,11,128.120000,153.520000,25.400000,3,8,4.520584
students03,156,19,129.200000,152.080000,22.880000,1,18,17.186315
students03,157,9,129.200000,137.280000,8.080000,1,8,6.066349
students03,158,19,131.360000,153.240000,21.880000,1,18,19.137247
students03,159,12,131.080000,145.600000,14.520000,1,11,13.490031
students03,160,13,135.600000,158.840000,23.240000,2,11,6.387245
students03,161,11,137.240000,149.200000,11.960000,1,10,16.400018
students03,162,11,137.080000,149.320000,12.240000,1,10,8.440248
students03,163,12,137.720000,149.680000,11.960000,1,11,9.646478
students03,164,13,138.440000,150.760000,12.320000,1,12,9.014216
students03,165,18,140.600000,159.960000,19.360000,1,17,16.738974
students03,166,15,140.920000,158.080000,17.160000,1,14,16.511546
students03,167,15,143.640000,159.920000,16.280000,1,14,16.846418
students03,168,17,144.640000,163.520000,18.880000,1,16,17.588379
students03,169,21,148.120000,175.720000,27.600000,1,20,16.207056
students03,170,10,149.560000,160.480000,10.920000,1,9,16.222389
students03,171,13,151.400000,170.480000,19.080000,1,12,16.372584
students03,172,14,151.560000,170.240000,18.680000,1,13,16.503195
students03,173,13,152.280000,166.200000,13.920000,1,12,16.093907
students03,174,10,155.120000,167.080000,11.960000,1,9,16.200023
students03,175,6,157.920000,163.520000,5.600000,1,5,6.622535
students03,176,14,159.640000,175.640000,16.000000,1,13,16.546904
students03,177,13,159.920000,176.160000,16.240000,1,12,17.641255
students03,178,13,160.840000,176.680000,15.840000,1,12,19.183057
students03,179,18,162.200000,189.560000,27.360000,2,16,17.350968
students03,180,9,163.640000,174.640000,11.000000,1,8,6.882731
students03,181,13,164.920000,181.080000,16.160000,1,12,16.777676
students03,182,11,166.280000,177.760000,11.480000,1,10,15.875535
students03,183,14,168.360000,182.680000,14.320000,1,13,16.565490
students03,184,12,169.000000,182.760000,13.760000,1,11,15.872337
students03,185,11,169.960000,182.080000,12.120000,1,10,16.084752
students03,186,10,169.960000,179.960000,10.000000,1,9,16.150175
students03,187,12,170.880000,183.440000,12.560000,1,11,17.244851
students03,188,9,171.080000,177.960000,6.880000,1,8,8.566360
students03,189,12,176.640000,192.520000,15.880000,1,11,15.907440
students03,190,12,177.280000,192.680000,15.400000,1,11,15.693967
students03,191,17,178.000000,196.600000,18.600000,1,16,18.578233
students03,192,16,179.520000,197.000000,17.480000,1,15,16.810948
students03,193,13,181.160000,197.440000,16.280000,1,12,14.894652
students03,194,8,180.040000,188.640000,8.600000,1,7,6.662033
students03,195,7,181.200000,188.880000,7.680000,1,6,5.422108
students03,196,8,182.840000,190.960000,8.120000,1,7,6.776207
students03,197,8,182.840000,189.720000,6.880000,1,7,6.745970
students03,198,16,182.840000,203.160000,20.320000,1,15,17.230996
students03,199,7,183.720000,188.160000,4.440000,1,6,3.459321
students03,200,12,183.320000,196.840000,13.520000,1,11,16.176432
students03,201,10,186.560000,195.200000,8.640000,1,9,16.465510
students03,202,9,189.760000,199.080000,9.320000,1,8,16.021230
students03,203,13,191.360000,216.160000,24.800000,2,11,13.414028
students03,204,23,190.840000,214.960000,24.120000,1,22,27.250251
students03,205,18,194.040000,216.160000,22.120000,1,17,17.538973
students03,206,15,194.400000,215.200000,20.800000,1,14,17.586800
students03,207,6,197.280000,206.160000,8.880000,1,5,5.926193
students03,208,12,198.640000,212.560000,13.920000,1,11,16.744130
students03,209,11,199.480000,212.880000,13.400000,1,10,16.715150
students03,210,8,199.360000,208.960000,9.600000,1,7,9.018532
students03,211,7,199.640000,208.080000,8.440000,1,6,7.592899
students03,212,5,200.600000,206.200000,5.600000,1,4,3.725240
students03,213,4,0.000000,4.400000,4.400000,1,3,3.115327
students03,214,4,0.000000,5.240000,5.240000,1,3,3.489042
students03,215,5,0.000000,6.600000,6.600000,1,4,4.263548
students03,216,6,0.000000,6.840000,6.840000,1,5,4.469639
students03,217,26,0.000000,32.840000,32.840000,2,24,20.364845
students03,218,5,0.000000,5.960000,5.960000,1,4,3.905962
students03,219,23,0.000000,32.720000,32.720000,3,20,19.870820
students03,220,27,0.000000,32.960000,32.960000,2,25,19.323275
students03,221,21,25.120000,49.160000,24.040000,1,20,16.531253
students03,222,24,28.440000,80.640000,52.200000,4,20,11.614291
students03,223,14,28.960000,49.600000,20.640000,1,13,7.507487
students03,224,12,30.440000,47.040000,16.600000,1,11,7.062461
students03,225,21,32.280000,58.280000,26.000000,1,20,18.780847
students03,226,12,31.480000,47.920000,16.440000,1,11,6.153094
students03,227,12,35.000000,46.720000,11.720000,1,11,11.529733
students03,228,19,35.520000,53.280000,17.760000,1,18,14.177174
students03,229,18,38.880000,56.240000,17.360000,1,17,14.732991
students03,230,15,38.520000,52.160000,13.640000,1,14,15.248613
students03,231,15,46.000000,61.920000,15.920000,1,14,13.288534
students03,232,50,25.280000,140.200000,114.920000,5,45,35.154752
students03,233,59,25.520000,140.560000,115.040000,9,50,38.102316
students03,234,14,31.240000,41.760000,10.520000,1,13,16.375491
students03,235,15,29.920000,43.400000,13.480000,1,14,15.969222
students03,236,18,67.760000,84.640000,16.880000,1,17,16.224956
students03,237,22,66.200000,87.880000,21.680000,1,21,16.484945
students03,238,30,70.520000,141.120000,70.600000,5,25,19.438188
students03,239,11,71.640000,80.760000,9.120000,1,10,16.090075
students03,240,8,72.760000,80.880000,8.120000,1,7,5.567046
students03,241,8,72.760000,80.920000,8.160000,1,7,5.399947
students03,242,12,76.200000,88.480000,12.280000,1,11,16.426798
students03,243,24,79.280000,104.640000,25.360000,1,23,16.700397
students03,244,25,80.480000,108.320000,27.840000,1,24,15.761872
students03,245,22,80.480000,108.640000,28.160000,1,21,16.783610
students03,246,14,87.280000,102.720000,15.440000,1,13,15.925918
students03,247,12,87.280000,102.040000,14.760000,1,11,16.232616
students03,248,15,91.760000,150.280000,58.520000,3,12,15.327244
students03,249,16,92.400000,149.720000,57.320000,4,12,15.500491
students03,250,10,93.480000,102.080000,8.600000,1,9,11.060937
students03,251,16,93.600000,108.120000,14.520000,1,15,13.229971
students03,252,17,94.080000,110.440000,16.360000,1,16,13.254748
students03,253,18,100.080000,120.680000,20.600000,1,17,17.532300
students03,254,18,100.440000,121.680000,21.240000,1,17,17.202681
students03,255,11,100.760000,110.840000,10.080000,1,10,16.520443
students03,256,23,106.800000,161.200000,54.400000,4,19,13.260258
students03,257,9,106.800000,116.880000,10.080000,1,8,9.373046
students03,258,11,106.800000,120.120000,13.320000,1,10,9.491724
students03,259,26,111.320000,149.520000,38.200000,2,24,17.059941
students03,260,16,127.040000,144.400000,17.360000,1,15,17.328527
students03,261,11,129.680000,139.720000,10.040000,1,10,8.379614
students03,262,10,140.840000,150.680000,9.840000,1,9,15.872903
students03,263,12,180.600000,194.800000,14.200000,1,11,9.761896
students03,264,13,196.760000,210.360000,13.600000,1,12,10.665954
students03,265,13,197.040000,211.080000,14.040000,1,12,9.416643
students03,266,15,197.280000,214.080000,16.800000,1,14,16.360600
students03,267,14,199.120000,213.960000,14.840000,1,13,16.972552
students03,268,11,203.880000,215.640000,11.760000,1,10,11.324330
students03,269,11,203.680000,215.920000,12.240000,1,10,11.290238
students03,270,10,204.120000,215.800000,11.680000,1,9,7.885481
students03,271,10,205.200000,215.800000,10.600000,1,9,6.756275
students03,272,5,211.000000,215.760000,4.760000,1,4,2.292856
students03,273,8,0.000000,9.760000,9.760000,1,7,5.717244
students03,274,5,2.640000,8.880000,6.240000,1,4,2.393639
students03,275,7,30.680000,38.160000,7.480000,1,6,5.423024
students03,276,5,73.840000,77.320000,3.480000,1,4,3.496622
students03,277,13,109.240000,124.120000,14.880000,1,12,16.524085
students03,278,8,145.280000,155.240000,9.960000,1,7,4.656421
students03,279,8,145.880000,154.720000,8.840000,1,7,4.904376
students03,280,7,147.680000,154.680000,7.000000,1,6,3.987754
students03,281,6,148.840000,154.560000,5.720000,1,5,3.673409
students03,282,13,148.440000,164.000000,15.560000,1,12,16.045462
students03,283,8,151.000000,160.040000,9.040000,1,7,5.767110
students03,284,8,151.720000,159.720000,8.000000,1,7,4.680434
students03,285,9,150.920000,160.280000,9.360000,1,8,6.136597
students03,286,16,153.800000,169.640000,15.840000,1,15,16.057189
students03,287,13,160.680000,173.360000,12.680000,1,12,16.634034
students03,288,8,164.160000,172.400000,8.240000,1,7,6.029116
students03,289,3,184.600000,186.440000,1.840000,1,2,1.181226
students03,290,3,185.280000,187.040000,1.760000,1,2,1.670686
students03,291,10,188.840000,202.760000,13.920000,1,9,5.872880
students03,292,11,202.880000,215.480000,12.600000,1,10,7.317402
students03,293,11,204.880000,215.920000,11.040000,1,10,13.260575
students03,294,11,204.880000,215.680000,10.800000,1,10,13.229787
students03,295,9,205.240000,213.800000,8.560000,1,8,6.781055
students03,296,11,205.920000,215.920000,10.000000,1,10,11.224403
students03,297,11,206.720000,215.960000,9.240000,1,10,10.676622
students03,298,4,213.280000,215.960000,2.680000,1,3,2.613658
students03,299,3,213.480000,215.280000,1.800000,1,2,1.635016
students03,300,25,21.520000,48.840000,27.320000,1,24,16.481008
students03,301,22,22.280000,46.520000,24.240000,1,21,16.419985
students03,302,11,24.880000,37.920000,13.040000,1,10,4.802131
students03,303,7,26.760000,33.880000,7.120000,1,6,3.578460
students03,304,7,27.280000,33.840000,6.560000,1,6,4.195218
students03,305,4,21.600000,24.080000,2.480000,1,3,1.510292
students03,306,5,31.440000,35.640000,4.200000,1,4,1.784367
students03,307,4,33.360000,36.520000,3.160000,1,3,1.022446
students03,308,10,37.080000,46.400000,9.320000,1,9,4.794068
students03,309,9,37.400000,45.720000,8.320000,1,8,4.201570
students03,310,6,42.680000,48.800000,6.120000,1,5,4.076179
students03,311,10,43.400000,53.360000,9.960000,1,9,6.315622
students03,312,7,32.800000,46.440000,13.640000,3,4,2.094578
students03,313,9,46.120000,57.080000,10.960000,1,8,5.391902
students03,314,9,70.280000,78.280000,8.000000,1,8,5.774886
students03,315,12,12.840000,24.720000,11.880000,1,11,8.887100
students03,316,24,20.080000,44.880000,24.800000,1,23,14.119403
students03,317,24,21.160000,45.040000,23.880000,1,23,14.207512
students03,318,11,37.480000,48.080000,10.600000,1,10,11.196855
students03,319,11,37.480000,48.000000,10.520000,1,10,11.033119
students03,320,9,70.080000,81.920000,11.840000,2,7,4.031509
students03,321,26,80.400000,107.840000,27.440000,1,25,15.226413
students03,322,24,87.760000,109.520000,21.760000,1,23,15.018484
students03,323,19,87.760000,105.800000,18.040000,1,18,13.362653
students03,324,30,92.760000,128.160000,35.400000,1,29,18.058831
students03,325,27,94.320000,128.320000,34.000000,2,25,15.039492
students03,326,15,102.920000,121.800000,18.880000,1,14,9.259688
students03,327,19,103.520000,122.520000,19.000000,1,18,11.615450
students03,328,19,112.960000,131.680000,18.720000,1,18,14.852551
students03,329,14,123.960000,154.840000,30.880000,3,11,7.881261
students03,330,13,124.720000,141.240000,16.520000,2,11,9.116864
students03,331,16,125.560000,155.240000,29.680000,3,13,7.533065
students03,332,14,127.960000,155.240000,27.280000,2,12,8.341614
students03,333,18,144.720000,165.120000,20.400000,1,17,12.889763
students03,334,19,138.080000,163.640000,25.560000,1,18,9.659734
students03,335,18,144.680000,164.160000,19.480000,1,17,13.739794
students03,336,16,149.200000,164.040000,14.840000,1,15,12.510084
students03,337,10,200.520000,211.120000,10.600000,1,9,8.229580
students03,338,6,210.880000,216.000000,5.120000,1,5,4.384729
students03,339,5,211.080000,215.880000,4.800000,1,4,3.321009
students03,340,24,33.200000,79.240000,46.040000,2,22,10.925514
students03,341,16,38.800000,53.600000,14.800000,1,15,8.631770
students03,342,9,46.080000,51.600000,5.520000,1,8,4.590342
students03,343,21,49.120000,74.720000,25.600000,1,20,10.012842
students03,344,9,47.760000,55.080000,7.320000,1,8,5.716295
students03,345,21,61.120000,82.640000,21.520000,1,20,12.069016
students03,346,21,61.120000,83.120000,22.000000,1,20,13.340517
students03,347,17,61.120000,77.400000,16.280000,1,16,9.530966
students03,348,8,63.040000,70.040000,7.000000,1,7,5.362043
students03,349,7,64.400000,71.200000,6.800000,1,6,5.095475
students03,350,10,75.120000,84.680000,9.560000,1,9,4.509270
students03,351,8,75.680000,84.200000,8.520000,1,7,3.473695
students03,352,10,76.320000,86.160000,9.840000,1,9,5.965878
students03,353,9,78.360000,85.880000,7.520000,1,8,4.804121
students03,354,19,113.320000,137.360000,24.040000,2,17,9.945229
students03,355,20,115.880000,139.160000,23.280000,2,18,11.383411
students03,356,6,115.880000,122.600000,6.720000,1,5,3.319859
students03,357,7,115.880000,123.280000,7.400000,1,6,4.132624
students03,358,11,137.560000,153.360000,15.800000,2,9,3.473679
students03,359,10,137.640000,145.880000,8.240000,1,9,9.517816
students03,360,21,147.640000,167.280000,19.640000,1,20,17.040781
students03,361,19,148.360000,167.640000,19.280000,1,18,16.389290
students03,362,28,155.560000,200.760000,45.200000,2,26,18.790509
students03,363,27,155.960000,199.520000,43.560000,2,25,18.377964
students03,364,18,158.360000,178.720000,20.360000,1,17,16.997706
students03,365,6,176.840000,182.200000,5.360000,1,5,4.168267
students03,366,14,180.200000,193.760000,13.560000,1,13,17.593212
students03,367,7,181.240000,187.880000,6.640000,1,6,4.369871
students03,368,5,182.480000,186.800000,4.320000,1,4,3.022558
students03,369,4,191.000000,193.280000,2.280000,1,3,2.553496
students03,370,4,192.640000,197.000000,4.360000,1,3,3.015188
students03,371,12,196.320000,211.520000,15.200000,1,11,6.633574
students03,372,6,202.120000,208.320000,6.200000,1,5,3.950875
students03,373,4,204.760000,207.720000,2.960000,1,3,2.358927
students03,374,8,201.400000,208.040000,6.640000,1,7,3.409134
students03,375,9,205.480000,215.960000,10.480000,1,8,3.651977
students03,376,44,46.160000,137.640000,91.480000,5,39,18.846206
students03,377,17,86.520000,99.240000,12.720000,1,16,17.960857
students03,378,7,85.400000,93.480000,8.080000,1,6,3.816896
students03,379,6,85.920000,94.480000,8.560000,1,5,3.319863
students03,380,8,92.360000,100.640000,8.280000,1,7,4.597688
students03,381,9,92.560000,101.480000,8.920000,1,8,5.712089
students03,382,8,94.160000,102.680000,8.520000,1,7,4.244177
students03,383,9,94.160000,103.240000,9.080000,1,8,4.977732
students03,384,8,93.840000,101.720000,7.880000,1,7,6.364788
students03,385,4,95.880000,98.040000,2.160000,1,3,2.422761
students03,386,10,99.360000,113.000000,13.640000,1,9,7.632701
students03,387,8,119.320000,126.960000,7.640000,1,7,5.144007
students03,388,7,120.120000,127.600000,7.480000,1,6,4.618547
students03,389,9,121.400000,130.200000,8.800000,1,8,5.815894
students03,390,7,121.400000,127.200000,5.800000,1,6,2.730040
students03,391,16,121.400000,137.520000,16.120000,1,15,6.639263
students03,392,11,121.880000,135.080000,13.200000,1,10,5.286261
students03,393,10,129.920000,142.200000,12.280000,1,9,5.069311
students03,394,8,130.600000,138.960000,8.360000,1,7,4.193550
students03,395,11,130.960000,141.640000,10.680000,1,10,5.453818
students03,396,17,131.840000,145.720000,13.880000,1,16,16.998851
students03,397,4,138.360000,144.240000,5.880000,1,3,4.337265
students03,398,6,148.720000,153.680000,4.960000,1,5,3.461479
students03,399,10,148.720000,159.560000,10.840000,1,9,4.776032
students03,400,7,180.320000,186.160000,5.840000,1,6,5.681489
students03,401,10,183.360000,192.440000,9.080000,1,9,5.910627
students03,402,10,184.440000,194.280000,9.840000,1,9,6.167488
students03,403,4,201.000000,204.880000,3.880000,1,3,3.041456
students03,404,9,206.920000,214.840000,7.920000,1,8,4.842634
students03,405,7,207.920000,214.720000,6.800000,1,6,3.992412
students03,406,6,210.600000,215.440000,4.840000,1,5,3.615561
students03,407,4,212.960000,215.720000,2.760000,1,3,2.550460
students03,408,3,214.520000,216.120000,1.600000,1,2,1.662453
students03,409,9,0.000000,9.280000,9.280000,1,8,3.683999
students03,410,10,17.240000,36.840000,19.600000,2,8,5.706949
students03,411,19,18.520000,39.360000,20.840000,1,18,10.451476
students03,412,11,59.280000,70.600000,11.320000,1,10,8.321302
students03,413,11,59.600000,71.600000,12.000000,1,10,8.722819
students03,414,10,59.600000,69.960000,10.360000,1,9,8.009602
students03,415,10,130.960000,139.920000,8.960000,1,9,8.003520
students03,416,12,130.960000,140.400000,9.440000,1,11,9.239768
students03,417,10,171.800000,181.520000,9.720000,1,9,7.613723
students03,418,10,171.800000,180.360000,8.560000,1,9,8.889357
students03,419,10,9.520000,19.040000,9.520000,1,9,6.224169
students03,420,11,9.520000,20.680000,11.160000,1,10,6.908055
students03,421,18,64.640000,83.560000,18.920000,1,17,12.343725
students03,422,16,64.640000,82.160000,17.520000,1,15,12.836093
students03,423,16,66.680000,83.240000,16.560000,1,15,12.651250
students03,424,9,69.040000,77.400000,8.360000,1,8,4.838947
students03,425,16,69.040000,85.520000,16.480000,1,15,13.998293
students03,426,14,69.040000,84.000000,14.960000,1,13,13.389616
students03,427,4,81.160000,84.640000,3.480000,1,3,2.249233
students03,428,5,81.160000,86.080000,4.920000,1,4,2.589737
students03,429,5,81.160000,85.920000,4.760000,1,4,2.382760
students03,430,9,153.560000,161.680000,8.120000,1,8,6.106347
students03,431,8,155.040000,161.320000,6.280000,1,7,6.559310
students03,432,18,155.880000,177.400000,21.520000,2,16,11.206157
students03,433,9,190.280000,196.840000,6.560000,1,8,6.800782
students03,434,17,202.040000,215.720000,13.680000,1,16,13.052202
