id,path_m,detour_ratio,signed_lateral_mean_m,max_lateral_m,approach_speed_mps,closest_speed_mps,arrival_s,ade_m,fde_m,case
1,21.083376,1.037250,0.055419,0.826200,2.201476,1.401592,11.920000,0.000000,0.000000,observed
2,20.996808,1.044638,-0.056842,0.544370,1.851053,0.814695,14.480000,0.000000,0.000000,observed
3,23.468516,1.178276,1.152816,3.484271,2.805951,2.146548,11.080000,0.000000,0.000000,observed
4,21.788313,1.085180,0.452014,2.146204,1.946589,1.202361,13.440000,0.000000,0.000000,observed
5,21.986869,1.079650,-0.043737,0.658850,2.882913,1.823717,9.760000,0.000000,0.000000,observed
6,20.980341,1.047636,-0.337140,0.895962,1.983485,0.914771,13.440000,0.000000,0.000000,observed
7,22.474799,1.120070,1.229804,3.444897,1.542062,1.889892,12.920000,0.000000,0.000000,observed
8,21.903446,1.093495,0.181663,1.651320,3.051694,2.128153,9.640000,0.000000,0.000000,observed
9,27.225952,1.337253,2.687617,7.402404,2.760282,2.646293,11.400000,0.000000,0.000000,observed
10,25.498021,1.246867,-1.680565,5.221659,1.911770,2.858950,10.760000,0.000000,0.000000,observed
11,24.629830,1.217975,2.641512,5.978369,1.949998,1.967552,13.480000,0.000000,0.000000,observed
12,21.935426,1.111105,0.714586,2.714828,3.158915,3.646763,7.080000,0.000000,0.000000,observed
13,20.678935,1.034727,0.071887,0.752108,1.359190,1.237817,16.200000,0.000000,0.000000,observed
14,20.982867,1.045277,-0.025213,0.751720,1.553564,0.648955,16.240000,0.000000,0.000000,observed
15,21.561951,1.047832,0.151619,1.485512,2.554768,1.476922,10.400000,0.000000,0.000000,observed
16,21.025539,1.035784,0.090594,0.677763,2.236417,1.206446,12.000000,0.000000,0.000000,observed
17,20.815834,1.031417,-0.135216,0.970715,1.917866,1.095422,13.160000,0.000000,0.000000,observed
18,22.302749,1.100440,-1.379549,3.383381,2.091981,1.097795,15.040000,0.000000,0.000000,observed
19,30.538423,1.530630,-2.636934,8.994705,3.340350,4.211871,8.680000,0.000000,0.000000,observed
20,21.453568,1.105377,0.230649,1.416847,3.034241,1.185071,8.680000,0.000000,0.000000,observed
21,21.787686,1.051245,-0.595818,1.793201,1.908632,0.702565,16.200000,0.000000,0.000000,observed
22,22.533896,1.108831,-0.184401,0.424149,3.622484,2.163510,8.000000,0.000000,0.000000,observed
23,22.048783,1.077709,-0.656709,2.174150,1.708431,0.842466,15.520000,0.000000,0.000000,observed
24,21.269856,1.047643,-0.317183,0.805258,3.138576,1.213524,11.600000,0.000000,0.000000,observed
25,20.898460,1.029926,0.071170,0.675011,1.734813,1.599499,14.560000,0.000000,0.000000,observed
26,21.813286,1.095684,0.324629,1.312367,1.699798,1.039466,16.040000,0.000000,0.000000,observed
27,21.782666,1.088766,0.586906,2.306139,2.650283,1.321542,10.000000,0.000000,0.000000,observed
28,22.756774,1.132109,0.765141,3.098226,2.651944,1.459989,10.760000,0.000000,0.000000,observed
29,21.869462,1.085292,-0.219820,1.370426,3.329647,3.148672,8.440000,0.000000,0.000000,observed
30,21.775621,1.074337,0.355117,1.994272,3.646336,2.890856,7.040000,0.000000,0.000000,observed
31,22.243034,1.105384,-0.376504,2.108873,3.825892,3.619929,7.760000,0.000000,0.000000,observed
32,22.748791,1.104433,0.915768,3.638887,3.274068,2.391791,8.440000,0.000000,0.000000,observed
33,23.618176,1.162644,-1.955821,4.842323,1.658785,1.805932,13.560000,0.000000,0.000000,observed
34,25.086912,1.237700,-1.435928,5.328514,2.423783,3.832123,9.880000,0.000000,0.000000,observed
35,24.016079,1.161633,2.450807,5.436320,1.847541,1.797799,14.520000,0.000000,0.000000,observed
36,23.242726,1.139707,1.937960,4.789098,1.503653,2.270623,13.160000,0.000000,0.000000,observed
37,20.780840,1.020417,0.371854,0.810603,1.519386,1.124810,15.360000,0.000000,0.000000,observed
38,21.241632,1.050243,1.084767,2.285461,1.615557,1.426147,15.040000,0.000000,0.000000,observed
39,20.983117,1.035722,0.919124,2.056664,1.657797,0.887774,15.000000,0.000000,0.000000,observed
40,24.828984,1.253477,2.500633,5.821675,1.908874,1.804278,12.680000,0.000000,0.000000,observed
41,21.712889,1.088351,0.418377,1.922788,3.058924,1.649612,9.560000,0.000000,0.000000,observed
42,20.838704,1.064524,-0.114084,0.470171,2.632238,1.777479,10.120000,0.000000,0.000000,observed
43,26.624797,1.335085,1.869852,6.502179,1.936072,3.122750,9.520000,0.000000,0.000000,observed
44,22.563843,1.120768,0.815363,3.395698,2.841864,1.881028,9.320000,0.000000,0.000000,observed
45,23.286020,1.146861,1.193905,4.435501,2.141850,2.482965,10.080000,0.000000,0.000000,observed
46,20.615072,1.015938,-0.075252,0.383736,2.040706,0.797261,13.920000,0.000000,0.000000,observed
47,24.070298,1.186276,-2.327427,5.549895,1.845234,1.975566,12.840000,0.000000,0.000000,observed
48,21.895979,1.088991,-1.625684,3.642189,1.410105,1.581554,15.040000,0.000000,0.000000,observed
49,23.100039,1.161118,0.801998,3.675609,2.088369,2.435647,9.360000,0.000000,0.000000,observed
50,21.043001,1.075103,-0.746403,1.988522,2.750018,1.336234,10.440000,0.000000,0.000000,observed
51,22.438278,1.109350,-1.304509,3.324964,1.840927,1.723686,14.880000,0.000000,0.000000,observed
52,22.435606,1.103333,1.702591,3.828571,1.502709,1.300902,16.160000,0.000000,0.000000,observed
53,20.832722,1.029485,0.524821,1.095296,1.660971,0.818099,14.520000,0.000000,0.000000,observed
54,20.700057,1.062954,0.729526,2.137233,3.076507,2.883300,8.000000,0.000000,0.000000,observed
55,22.729870,1.126358,0.994441,3.476850,3.799780,3.653542,7.360000,0.000000,0.000000,observed
56,21.044821,1.035192,0.764658,2.067269,1.658782,1.248975,12.880000,0.000000,0.000000,observed
57,21.354512,1.072562,1.260593,2.630493,1.544717,1.113144,15.000000,0.000000,0.000000,observed
58,22.044760,1.098395,1.729197,3.713090,1.461775,1.730491,14.920000,0.000000,0.000000,observed
59,20.821099,1.029281,0.286636,0.900165,1.651182,1.391414,14.080000,0.000000,0.000000,observed
60,20.987919,1.051781,0.770002,2.152368,2.558465,1.906792,11.200000,0.000000,0.000000,observed
61,19.964267,1.014512,0.160274,0.375410,1.226166,0.759564,16.200000,0.000000,0.000000,observed
62,21.067492,1.070566,0.893992,2.222322,1.755668,1.209143,13.280000,0.000000,0.000000,observed
63,24.687868,1.232187,1.208898,4.552148,2.879514,3.426468,9.440000,0.000000,0.000000,observed
64,21.230807,1.039595,0.388576,1.021644,1.520927,1.016793,16.360000,0.000000,0.000000,observed
1,20.326228,1.000000,-0.000000,0.000000,2.271247,2.305765,9.080000,1.475777,0.305156,straight
2,20.099596,1.000000,0.000000,0.000000,1.818199,1.843537,11.040000,2.175460,0.289554,straight
3,19.917666,1.000000,0.000000,0.000000,2.689463,2.725819,7.600000,2.257803,0.141013,straight
4,20.078070,1.000000,-0.000000,0.000000,1.932654,1.959921,10.400000,1.550649,0.252776,straight
5,20.364804,1.000000,0.000000,0.000000,2.519203,2.564752,8.320000,0.786132,0.136920,straight
6,20.026373,1.000000,-0.000000,0.000000,2.044536,2.066862,9.800000,1.868999,0.185570,straight
7,20.065512,0.999999,0.000000,0.000000,1.507246,1.529973,13.200000,1.373794,0.034689,straight
8,20.030671,1.000000,-0.000000,0.000000,2.956708,3.004269,7.080000,1.289040,0.210304,straight
9,20.359616,1.000000,0.000000,0.000000,2.455769,2.500404,8.520000,3.181542,0.120721,straight
10,20.449407,0.999987,-0.000000,0.000000,1.436748,1.459250,14.120000,3.290490,0.255668,straight
11,20.221956,1.000000,0.000000,0.000000,1.744424,1.772173,11.600000,2.951300,0.153453,straight
12,19.741995,1.000000,0.000000,0.000000,2.913330,2.950271,7.000000,0.939153,0.479291,straight
13,19.961712,0.998839,-0.000000,0.000000,1.251060,1.274942,15.800000,1.080129,0.211557,straight
14,20.073976,1.000000,-0.000000,0.000000,1.609210,1.633331,12.400000,1.688270,0.226521,straight
15,20.577684,1.000000,0.000000,0.000000,2.537681,2.580990,8.320000,1.344005,0.427157,straight
16,20.299152,1.000000,-0.000000,0.000000,2.338869,2.372286,8.800000,2.005712,0.111762,straight
17,20.181778,1.000000,0.000000,0.000000,1.893867,1.924060,10.720000,1.407347,0.177956,straight
18,20.267117,1.000000,-0.000000,0.000000,2.059777,2.093899,9.960000,3.130483,0.224371,straight
19,19.951541,1.000000,-0.000000,0.000000,3.004702,3.045491,6.880000,2.932394,0.169912,straight
20,19.408368,1.000000,-0.000000,0.000000,3.165317,3.195840,6.320000,1.345069,0.349255,straight
21,20.725603,1.000000,0.000000,0.000000,1.885586,1.914056,11.000000,3.102038,0.485878,straight
22,20.322206,1.000000,-0.000000,0.000000,3.146469,3.197681,6.800000,0.673133,0.277968,straight
23,20.458948,1.000000,-0.000000,0.000000,1.774244,1.801753,11.520000,2.642118,0.151274,straight
24,20.302589,1.000000,0.000000,0.000000,3.147158,3.197711,6.760000,2.744068,0.264284,straight
25,20.291217,1.000000,-0.000000,0.000000,1.679180,1.703037,12.040000,2.278830,0.078374,straight
26,19.908379,1.000000,0.000000,0.000000,1.783583,1.808788,11.160000,2.986181,0.131520,straight
27,20.006741,1.000000,0.000000,0.000000,2.254547,2.294576,9.040000,1.040095,0.137225,straight
28,20.101217,1.000000,0.000000,0.000000,2.363196,2.402758,8.680000,1.349222,0.109726,straight
29,20.150764,1.000000,-0.000000,0.000000,3.074641,3.116577,6.800000,0.737201,0.219399,straight
30,20.268890,1.000000,-0.000000,0.000000,3.160676,3.197835,6.640000,0.467990,0.051715,straight
31,20.122456,1.000000,-0.000000,0.000000,3.150143,3.197466,6.680000,0.652264,0.081921,straight
32,20.597706,1.000000,0.000000,0.000000,3.148980,3.197790,6.840000,1.304127,0.042949,straight
33,20.314188,1.000000,-0.000000,0.000000,1.697990,1.728347,11.960000,2.307388,0.119342,straight
34,20.268968,1.000000,0.000000,0.000000,1.642723,1.674472,12.360000,2.860859,0.284549,straight
35,20.674416,1.000000,0.000000,0.000000,1.730296,1.761543,11.960000,2.898544,0.047650,straight
36,20.392902,0.999966,0.000000,0.000000,1.396287,1.420040,14.480000,2.437007,0.263615,straight
37,20.365034,0.999999,-0.000000,0.000000,1.566082,1.590077,12.920000,1.757290,0.063618,straight
38,20.225443,1.000000,-0.000000,0.000000,1.688127,1.715510,11.960000,1.986623,0.194793,straight
39,20.259394,1.000000,-0.000000,0.000000,1.582060,1.604167,12.720000,1.548625,0.291355,straight
40,19.808082,1.000000,-0.000000,0.000000,1.911529,1.939471,10.400000,3.033509,0.173922,straight
41,19.950268,1.000000,-0.000000,0.000000,3.033503,3.075756,6.840000,1.405233,0.370355,straight
42,19.575603,1.000000,0.000000,0.000000,2.682918,2.718023,7.480000,1.028504,0.357302,straight
43,19.942399,1.000000,0.000000,0.000000,1.828332,1.853849,10.920000,2.595898,0.353362,straight
44,20.132486,1.000000,-0.000000,0.000000,2.787811,2.824354,7.400000,1.529589,0.328411,straight
45,20.304126,1.000000,-0.000000,0.000000,1.923362,1.955452,10.640000,1.471686,0.155817,straight
46,20.291664,1.000000,-0.000000,0.000000,2.102031,2.139050,9.800000,2.529606,0.284551,straight
47,20.290638,1.000000,0.000000,0.000000,1.775676,1.804729,11.440000,2.559143,0.285747,straight
48,20.105175,0.999925,0.000000,0.000000,1.344831,1.363687,14.760000,1.687053,0.158261,straight
49,19.894649,1.000000,-0.000000,0.000000,1.950295,1.983452,10.280000,1.172942,0.131931,straight
50,19.573008,1.000000,-0.000000,0.000000,2.859368,2.906023,7.120000,1.836179,0.204660,straight
51,20.226504,1.000000,0.000000,0.000000,1.981209,2.011151,10.280000,2.656073,0.314724,straight
52,20.333750,0.999968,0.000000,0.000000,1.393471,1.414956,14.440000,1.857205,0.233812,straight
53,20.236055,1.000000,-0.000000,0.000000,2.029668,2.063609,10.080000,2.822679,0.367150,straight
54,19.474078,1.000000,-0.000000,0.000000,3.162990,3.188777,6.320000,1.020929,0.551448,straight
55,20.179967,1.000000,0.000000,0.000000,3.146574,3.197493,6.720000,1.019478,0.326451,straight
56,20.329393,1.000000,0.000000,0.000000,1.645704,1.672872,12.320000,0.952971,0.200372,straight
57,19.909760,0.999997,-0.000000,0.000000,1.461064,1.482859,13.520000,1.717348,0.321331,straight
58,20.069969,1.000000,-0.000000,0.000000,1.568670,1.589255,12.680000,2.091999,0.457889,straight
59,20.228781,1.000000,-0.000000,0.000000,1.577740,1.600901,12.760000,0.923603,0.477610,straight
60,19.954645,1.000000,0.000000,0.000000,2.704148,2.751024,7.640000,1.690410,0.322304,straight
61,18.528498,0.941551,0.000000,0.000000,1.102382,1.118641,,0.564071,1.367401,straight
62,19.678844,1.000000,0.000000,0.000000,1.945468,1.969998,10.120000,1.867977,0.309932,straight
63,20.035806,1.000000,-0.000000,0.000000,2.301830,2.343275,8.880000,1.571361,0.252151,straight
64,20.422053,0.999993,0.000000,0.000000,1.458848,1.481809,13.880000,1.322893,0.452224,straight
1,20.656337,1.016241,-0.121026,0.632841,2.212645,0.516414,13.520000,1.548950,0.305129,orca
2,20.105038,1.000271,-0.359202,0.759017,1.818199,0.300268,16.400000,1.554775,0.299202,orca
3,20.773362,1.042962,0.559627,2.482801,2.344645,1.491479,10.080000,0.889804,0.141013,orca
4,18.331827,0.913027,-0.137429,1.970244,1.897813,0.172790,,5.110152,6.868502,orca
5,14.640147,0.718895,-0.293998,2.020531,2.308214,0.183928,,5.901761,7.390136,orca
6,24.222827,1.209546,0.910497,3.259056,2.040460,1.180064,13.080000,1.348335,0.185407,orca
7,16.613077,0.827941,0.327527,2.191690,1.507246,0.612188,,5.172851,5.424881,orca
8,20.517787,1.024319,0.382254,1.931482,2.445400,1.659327,8.600000,0.671274,0.210304,orca
9,12.404607,0.609275,0.607048,1.359458,2.389814,0.293750,,7.897313,9.870085,orca
10,19.929240,0.974551,0.626844,1.507294,1.436751,1.086769,,5.479693,0.793011,orca
11,17.295329,0.855275,-0.850806,2.901234,1.744424,0.543476,,6.403809,5.221591,orca
12,19.757761,1.000799,0.040988,0.280680,2.504298,2.449213,7.640000,1.223459,0.479291,orca
13,18.420229,0.921707,0.498366,1.338631,1.251060,1.255174,,1.319572,1.976384,orca
14,18.575106,0.925333,-0.951135,2.722101,1.610999,0.854404,,2.808394,3.076362,orca
15,14.241855,0.692102,0.314680,0.599737,2.424181,0.314488,,5.073574,6.412055,orca
16,20.491571,1.009479,-0.215305,1.035204,2.323533,1.970700,9.960000,1.323959,0.111762,orca
17,16.057177,0.795627,0.573523,1.745931,1.893867,0.388177,,4.165716,5.514537,orca
18,16.986277,0.838120,0.039226,0.679348,2.059779,0.410865,,3.865491,4.304419,orca
19,19.963968,1.000623,0.035597,0.250513,2.484403,2.170224,7.680000,2.886671,0.169912,orca
20,19.452919,1.002295,-0.081450,0.508208,2.485932,2.678852,6.920000,1.058891,0.349255,orca
21,21.737845,1.048840,-0.636487,2.364695,1.875026,0.947268,13.320000,1.540918,0.485858,orca
22,21.442268,1.055115,-0.502078,3.001085,2.683195,3.008694,7.600000,0.735673,0.277968,orca
23,21.460966,1.048977,-0.606681,2.261870,1.768587,0.981000,13.800000,1.109119,0.151328,orca
24,20.309760,1.000353,0.008388,0.133469,2.740882,2.836662,7.160000,2.437870,0.264284,orca
25,21.062151,1.037993,0.575141,2.025025,1.678534,0.777754,15.800000,0.749042,0.089015,orca
26,20.663172,1.037913,-0.517329,1.978841,1.783583,1.101062,13.640000,1.692010,0.131475,orca
27,15.773781,0.788423,0.208033,0.439006,2.226929,1.256562,,5.824778,4.372596,orca
28,20.882601,1.038872,-0.453596,2.056122,2.215397,1.516712,10.360000,1.319983,0.109726,orca
29,20.324812,1.008637,-0.167344,1.085011,2.514982,2.154733,7.680000,0.519690,0.219399,orca
30,20.300472,1.001558,0.057110,0.465882,3.132669,3.688734,6.480000,0.483556,0.051715,orca
31,21.339318,1.060473,-0.576410,3.150580,2.553436,2.407733,8.000000,0.706249,0.081921,orca
32,20.601387,1.000179,-0.022107,0.149079,2.968206,3.197630,6.960000,1.277622,0.042949,orca
33,12.343024,0.607606,-0.599562,1.973300,1.698762,0.235949,,5.822254,9.700198,orca
34,16.975985,0.837536,0.269542,1.043541,1.638786,0.615857,,6.895961,3.760051,orca
35,14.640269,0.708135,-0.530234,1.419977,1.721534,1.137192,,6.078274,6.807590,orca
36,17.794505,0.872553,-0.873942,1.757284,1.394448,0.684360,,5.213205,3.160722,orca
37,19.632398,0.964024,0.872954,1.835207,1.566082,1.591241,,2.271465,1.650659,orca
38,20.742305,1.025555,0.596916,1.744802,1.688127,0.710189,14.840000,0.860289,0.194594,orca
39,20.679832,1.020752,-0.422841,1.563523,1.588307,1.485584,13.120000,1.714427,0.291352,orca
40,20.152202,1.017373,-0.503177,1.440292,1.911517,0.279956,16.040000,4.581534,0.182540,orca
41,20.243310,1.014689,0.228731,1.463395,2.558667,2.526024,7.560000,0.947980,0.370355,orca
42,19.726236,1.007695,0.113539,0.865988,2.348624,2.284998,8.240000,0.602092,0.357302,orca
43,15.095757,0.756968,-0.076424,0.372464,1.828324,0.288875,,7.077818,5.077348,orca
44,22.864895,1.135721,-0.650952,2.714164,2.352563,0.753402,14.320000,3.767368,0.328226,orca
45,14.393981,0.708919,0.291793,0.951863,1.923191,0.949772,,7.185368,8.292688,orca
46,18.940857,0.933430,0.280249,1.030646,2.005638,0.357235,,2.990758,1.647945,orca
47,21.169960,1.043336,-0.558501,2.118439,1.775676,1.024463,13.720000,2.360498,0.285782,orca
48,15.965061,0.794018,0.818819,1.893104,1.344110,0.611856,,3.980792,4.580440,orca
49,20.313868,1.021072,-0.481430,1.737711,1.932861,1.494333,11.560000,2.094807,0.131931,orca
50,20.452381,1.044928,0.375701,1.839381,2.301202,1.057309,11.360000,1.635706,0.204660,orca
51,17.602204,0.870254,-0.130417,0.608108,1.978917,1.585373,,4.072363,3.168651,orca
52,18.060262,0.888163,-0.964944,1.800361,1.394191,0.654587,,3.647416,2.669701,orca
53,20.779652,1.026863,-0.483013,1.804644,2.007258,1.472212,11.840000,1.922807,0.367150,orca
54,19.678369,1.010490,0.162906,1.243852,2.909556,3.335272,6.480000,0.833311,0.551448,orca
55,20.937588,1.037543,0.361505,2.319853,2.451420,2.447889,8.160000,1.467510,0.326451,orca
56,16.552953,0.814237,0.258503,0.870686,1.597695,0.722486,,4.126807,4.159402,orca
57,16.776082,0.842604,-0.802824,2.873737,1.461064,0.701761,,3.852679,5.434744,orca
58,18.180047,0.905833,-1.069603,3.095559,1.568670,0.777557,,4.343513,3.983403,orca
59,20.619723,1.019326,0.417457,1.253752,1.570491,0.944886,15.120000,1.145806,0.477375,orca
60,20.775933,1.041158,-0.499918,2.444731,2.424673,1.748467,8.960000,1.511180,0.322304,orca
61,13.264546,0.674056,0.583072,1.081637,1.102382,1.302081,,2.900837,6.951039,orca
62,17.717287,0.900322,-0.903186,2.568909,1.955927,0.637107,,4.298837,3.689671,orca
63,21.812410,1.088671,-1.066431,3.470556,2.070673,0.647305,13.800000,4.649806,0.252104,orca
64,17.036131,0.834197,-0.752514,1.878822,1.458848,0.487428,,2.547635,4.156318,orca
1,21.335521,1.049655,-0.849834,2.969021,2.191452,1.845744,10.440000,1.338022,0.305156,orca_right
2,20.160807,1.003045,0.134300,0.274382,1.691142,1.246003,13.200000,0.844281,0.289579,orca_right
3,20.693551,1.038955,-0.363960,1.472319,2.528357,2.423697,8.000000,2.364560,0.141013,orca_right
4,20.488814,1.020457,0.441685,1.504891,1.769082,1.257885,13.520000,1.058202,0.252824,orca_right
5,20.772915,1.020040,0.448921,1.697150,2.232929,1.959146,9.720000,0.759323,0.136920,orca_right
6,22.138385,1.105462,-0.428164,1.055987,2.057324,1.069751,12.040000,0.735755,0.185607,orca_right
7,20.132577,1.003341,-0.301313,0.555659,1.507254,1.322902,14.560000,2.275221,0.035037,orca_right
8,20.645552,1.030697,-0.485210,2.299136,2.938422,2.978824,7.320000,1.449545,0.210304,orca_right
9,20.960526,1.029515,0.554352,2.269305,2.375954,2.379613,8.960000,2.571798,0.120721,orca_right
10,21.442192,1.048535,1.093137,2.609281,1.433758,1.194593,14.960000,4.244565,0.253009,orca_right
11,21.439268,1.060198,1.139874,2.986006,1.711800,1.788943,12.960000,1.621475,0.153446,orca_right
12,20.229808,1.024709,-0.408076,2.042033,2.743877,2.753888,7.400000,1.414974,0.479291,orca_right
13,20.979190,1.049752,1.286885,3.028346,1.240595,1.341863,16.520000,1.453162,0.115735,orca_right
14,20.235209,1.008032,-0.454996,1.074469,1.597393,1.357357,14.160000,0.806403,0.226846,orca_right
15,20.996794,1.020367,0.505112,1.854970,2.515610,2.201350,8.840000,1.030729,0.427157,orca_right
16,22.946010,1.130393,0.568501,2.134763,2.176559,1.894053,9.760000,1.729744,0.111761,orca_right
17,20.994143,1.040252,0.010701,0.888322,1.810099,1.921597,15.280000,2.243546,0.181547,orca_right
18,25.995489,1.282644,0.823384,2.973813,2.032100,1.623732,12.520000,3.305367,0.312776,orca_right
19,28.413356,1.424118,-0.008403,3.226781,2.908843,2.907275,7.360000,2.948594,0.169912,orca_right
20,19.471373,1.003246,0.072339,0.317870,2.990516,2.454908,6.920000,0.997478,0.349255,orca_right
21,21.066883,1.016467,-0.464841,1.103418,1.755985,1.085133,15.360000,0.581277,0.478321,orca_right
22,21.660007,1.065830,0.795107,3.459826,2.260587,1.728271,8.840000,1.465210,0.277968,orca_right
23,20.804819,1.016906,0.329942,1.175761,1.764222,1.232793,14.280000,1.375939,0.151316,orca_right
24,20.543297,1.011856,-0.271549,1.402939,3.018078,3.127759,7.000000,2.658133,0.264284,orca_right
25,20.548881,1.012698,0.012068,0.588897,1.679177,1.653609,13.160000,1.494605,0.078349,orca_right
26,20.242587,1.016787,0.512599,1.461986,1.783545,1.304083,12.160000,2.514275,0.131521,orca_right
27,20.086793,1.004001,0.160998,0.578880,2.244062,2.338168,9.360000,0.829306,0.137225,orca_right
28,20.395036,1.014617,0.437692,1.580718,2.265767,2.049629,9.680000,0.615075,0.109726,orca_right
29,20.291696,1.006994,0.117516,0.548980,2.917819,1.803841,7.640000,0.675495,0.219399,orca_right
30,20.554751,1.014103,-0.327488,1.550982,2.898933,2.360089,7.400000,0.872899,0.051715,orca_right
31,20.315469,1.009592,-0.271882,1.278228,2.857569,2.296817,7.400000,0.491070,0.081921,orca_right
32,21.061148,1.022500,-0.422716,1.984977,2.909004,2.672449,7.360000,1.517180,0.042949,orca_right
33,20.917662,1.029707,0.752978,2.122226,1.695133,1.945956,12.600000,2.900848,0.119345,orca_right
34,20.456751,1.009264,0.234812,0.833843,1.641914,0.901746,14.320000,4.128692,0.284049,orca_right
35,21.615964,1.045542,1.128961,2.613155,1.729028,1.760008,15.560000,2.705059,0.040425,orca_right
36,21.271562,1.043051,1.158307,2.594015,1.395361,1.061206,15.760000,2.497488,0.252033,orca_right
37,20.676872,1.015312,0.590213,1.525927,1.566033,1.262676,13.520000,1.366815,0.063585,orca_right
38,20.331811,1.005259,-0.007594,0.487502,1.688075,1.699737,12.680000,1.622757,0.194792,orca_right
39,21.543778,1.063397,1.074710,3.160559,1.445484,1.515099,15.320000,0.915568,0.285580,orca_right
40,21.831275,1.102140,-1.262771,3.737512,1.922292,1.907494,11.720000,3.983487,0.173922,orca_right
41,20.024837,1.003738,-0.000235,0.438714,2.967347,2.689375,7.080000,1.272658,0.370355,orca_right
42,20.022008,1.022804,-0.371956,1.818979,2.683714,3.042616,7.560000,1.190285,0.357302,orca_right
43,21.166704,1.061392,-1.011241,3.142172,1.917076,1.810431,11.640000,3.565751,0.353362,orca_right
44,20.985613,1.042376,0.613453,2.674325,2.722817,2.864805,7.800000,0.964867,0.328411,orca_right
45,20.751258,1.022022,0.360291,1.469003,1.883182,1.272231,12.720000,2.561002,0.155808,orca_right
46,21.777674,1.073233,-1.065615,3.529871,2.077540,2.140885,10.640000,2.575717,0.284551,orca_right
47,20.856226,1.027874,0.762005,2.187912,1.775494,1.316507,12.480000,3.168231,0.285745,orca_right
48,20.151320,1.002220,0.299843,0.545565,1.264738,1.360171,15.880000,2.134952,0.132137,orca_right
49,21.200583,1.065643,-0.957487,3.280979,1.950044,1.970291,11.240000,2.205585,0.131931,orca_right
50,20.836020,1.064528,1.085386,3.047875,1.965750,0.601434,12.560000,2.945283,0.204655,orca_right
51,21.299245,1.053036,0.943943,2.713012,1.860224,1.361175,13.040000,2.525262,0.314634,orca_right
52,20.467170,1.006530,0.231646,0.445572,1.393676,1.410978,15.920000,1.653231,0.206211,orca_right
53,20.343246,1.005297,-0.195771,0.718202,2.039580,1.435966,10.920000,2.333050,0.367150,orca_right
54,19.610747,1.007018,-0.227836,1.043046,2.685800,2.318813,7.160000,1.049017,0.551448,orca_right
55,20.394945,1.010653,-0.284112,1.331354,2.882714,2.650296,7.200000,1.383839,0.326451,orca_right
56,20.421102,1.004511,-0.242975,0.824547,1.718586,1.666018,12.040000,1.304010,0.200373,orca_right
57,20.100843,1.009595,0.435282,1.102396,1.457491,1.410275,15.480000,0.987533,0.317501,orca_right
58,20.173204,1.005143,0.267984,0.685815,1.567845,1.150012,14.360000,1.606811,0.457404,orca_right
59,21.042683,1.040234,0.733906,1.818511,1.581322,1.530683,15.240000,1.341721,0.474071,orca_right
60,20.080584,1.006311,0.262582,1.059817,2.620594,1.507932,8.640000,1.007997,0.322304,orca_right
61,16.648946,0.846039,0.466745,1.673826,1.102334,1.118641,,1.784968,3.935280,orca_right
62,19.780503,1.005166,0.308144,0.911380,1.840486,1.275701,12.200000,0.737007,0.309933,orca_right
63,20.085020,1.002456,0.166262,0.531405,2.287284,1.937416,9.360000,1.544447,0.252151,orca_right
64,20.538900,1.005714,-0.271945,0.616707,1.434481,1.481068,16.320000,1.007840,0.513964,orca_right
1,12.662209,0.622949,-0.009430,2.220357,1.711254,0.338561,,8.894200,17.916672,radius_030
2,19.859946,0.988077,0.342445,0.761325,1.678940,1.814036,,2.579980,1.033308,radius_030
3,20.463467,1.027403,-0.435514,2.093650,2.274990,2.626711,8.440000,2.272606,0.141013,radius_030
4,22.978941,1.144480,-1.693651,3.852269,1.915934,0.424639,,4.116167,0.663415,radius_030
5,20.589678,1.011042,0.080306,0.500629,2.205655,2.434591,13.520000,3.233628,0.136986,radius_030
6,20.706189,1.033946,0.448439,1.747377,1.949338,1.087654,13.840000,1.279670,0.185538,radius_030
7,19.387631,0.966215,0.126097,0.700115,1.507578,1.477189,,3.924101,0.990523,radius_030
8,21.726687,1.084671,-1.015077,3.144171,2.358502,0.841240,13.520000,3.057493,0.210244,radius_030
9,22.699380,1.114922,1.109300,4.534965,2.392450,2.388677,9.640000,1.937026,0.120721,radius_030
10,16.228170,0.793566,3.316751,7.841684,1.425962,0.885096,,7.852709,10.427119,radius_030
11,20.332175,1.005450,-0.951733,3.835203,1.743967,0.805062,,4.851275,3.173311,radius_030
12,20.127954,1.019550,-0.351408,1.670403,2.657759,2.043425,7.920000,1.563191,0.479291,radius_030
13,16.468063,0.824025,2.049877,3.786608,1.191025,0.988663,,2.601397,5.135538,radius_030
14,21.014786,1.046867,-0.960885,2.819605,1.604125,1.715838,13.600000,1.547280,0.226534,radius_030
15,21.279764,1.034119,0.646503,1.566519,2.318690,0.166604,11.760000,1.452641,0.427158,radius_030
16,21.234549,1.046081,1.356532,2.717982,2.336266,0.355402,14.480000,2.333277,0.112040,radius_030
17,12.391843,0.614011,0.304853,3.094297,1.793537,0.346594,,7.955392,18.171544,radius_030
18,20.379287,1.005535,-0.051456,0.589662,1.677274,1.886261,,3.275666,0.789302,radius_030
19,21.357217,1.070454,-0.650124,3.393411,2.828324,2.942268,7.640000,2.254333,0.169912,radius_030
20,19.525775,1.006049,-0.021171,0.385588,2.888087,2.777798,6.680000,1.146024,0.349255,radius_030
21,15.159804,0.731453,-2.145432,5.481696,1.878360,0.601757,,4.892794,16.554427,radius_030
22,21.350491,1.050599,0.063527,0.458193,2.458985,1.259854,11.360000,2.511088,0.277968,radius_030
23,19.101303,0.933640,-0.164020,0.594302,1.690560,1.798556,,2.689754,2.787251,radius_030
24,20.442498,1.006891,-0.230690,1.005686,2.909357,2.749896,7.520000,2.353339,0.264284,radius_030
25,20.452759,1.007961,-0.309455,0.555818,1.679149,1.686863,15.720000,0.814803,0.076423,radius_030
26,21.148763,1.062305,1.114591,2.918850,1.782031,1.501821,13.040000,2.392522,0.131533,radius_030
27,20.198290,1.009574,0.453200,1.203447,2.126075,1.099261,11.480000,1.138303,0.137225,radius_030
28,20.775245,1.033532,0.615721,1.644501,2.242268,0.723138,15.440000,3.234219,0.106309,radius_030
29,20.320597,1.008428,0.057824,0.408879,2.794237,2.373073,7.440000,0.645214,0.219412,radius_030
30,21.325433,1.052126,-0.635290,2.836178,2.701059,2.181259,7.960000,1.330794,0.051715,radius_030
31,20.822608,1.034795,-0.440247,2.380489,2.976666,2.743251,7.240000,0.434662,0.081920,radius_030
32,21.110297,1.024886,-0.398935,2.167068,2.924569,2.709957,7.240000,1.524124,0.042949,radius_030
33,20.926803,1.030157,0.362702,1.213106,1.697867,1.461448,16.240000,3.964005,0.064451,radius_030
34,21.609182,1.066121,2.884668,6.199148,1.630553,1.013580,,7.349026,2.947407,radius_030
35,20.822019,1.007139,0.784686,1.319482,1.716366,0.370465,16.440000,3.287834,0.068212,radius_030
36,16.350668,0.801755,2.259198,4.759741,1.390131,0.899727,,5.018427,6.839496,radius_030
37,17.296670,0.849331,-1.608204,4.355653,1.563873,1.664126,,2.441597,6.076110,radius_030
38,17.063264,0.843653,2.909388,6.089773,1.688070,0.972608,,3.036881,7.628642,radius_030
39,18.032863,0.890099,1.386877,2.376550,1.635924,0.925648,,2.170108,2.975030,radius_030
40,22.325361,1.127083,-1.380043,3.754900,1.843435,1.994137,12.840000,4.056238,0.173913,radius_030
41,19.969565,1.000967,0.029258,0.247885,2.900031,2.860143,7.200000,1.206959,0.370355,radius_030
42,20.085617,1.026054,-0.348768,1.664286,2.701618,2.671888,7.760000,1.059135,0.357303,radius_030
43,20.056041,1.005699,-0.752479,1.752977,1.881169,1.853865,,8.344283,4.336960,radius_030
44,20.563209,1.021394,0.092172,0.607802,1.911108,2.359884,14.960000,5.139499,0.330401,radius_030
45,20.569824,1.013086,0.202212,0.962963,1.892421,1.597370,14.480000,3.954784,0.155872,radius_030
46,21.192027,1.044371,-0.570097,1.294501,2.015315,1.398040,16.720000,2.762993,0.133458,radius_030
47,21.400155,1.054681,1.120334,2.877394,1.775648,1.698749,13.120000,3.563077,0.285753,radius_030
48,19.967412,0.993074,2.049373,4.329586,1.218615,0.895735,,4.414882,2.607918,radius_030
49,20.573644,1.034130,-0.838628,2.404720,1.952387,0.732795,12.640000,2.752330,0.131928,radius_030
50,20.850384,1.065262,0.686215,3.256928,2.147622,2.179055,9.040000,1.587699,0.204660,radius_030
51,21.742932,1.074972,1.188667,3.428169,1.729692,1.222648,13.560000,2.729620,0.309275,radius_030
52,18.368874,0.903340,0.523667,1.584947,1.398334,1.392181,,3.209798,2.703524,radius_030
53,21.854217,1.079964,-1.035400,3.089679,2.047761,0.658746,12.720000,2.042033,0.367151,radius_030
54,19.583630,1.005626,-0.178586,0.719315,2.693364,2.220422,7.280000,1.002628,0.551448,radius_030
55,17.321385,0.858346,-1.017934,2.402026,2.416357,0.712981,,5.635964,4.256731,radius_030
56,17.796596,0.875412,0.104952,0.779596,1.528945,1.497037,,4.330094,3.093716,radius_030
57,19.496363,0.979234,0.865398,2.014346,1.446248,0.714924,,1.872635,1.169359,radius_030
58,17.455333,0.869724,-0.151265,1.447441,1.570175,0.885430,,2.801013,3.662707,radius_030
59,19.285823,0.953385,-1.125156,2.529888,1.554362,0.648237,,3.158734,2.963932,radius_030
60,17.657505,0.884882,0.910491,1.623723,2.478965,0.676730,,3.335403,2.733848,radius_030
61,18.691906,0.949855,-1.715805,3.327214,1.102355,1.170757,,2.162822,2.821765,radius_030
62,21.003841,1.067331,1.210339,2.951463,1.836839,0.956628,13.960000,1.048697,0.302759,radius_030
63,20.556826,1.026004,0.636800,1.392113,2.246757,0.595119,15.680000,5.163800,0.265750,radius_030
64,21.646792,1.059964,-1.698427,3.167963,1.369185,1.269721,16.600000,2.277928,0.571724,radius_030
