time_s,velocity,vehicle_id
14.40155823,5.99847,97
19.74049405,6.08687,117
24.03503696,6.73914,156
34.14536361,5.37973,190
38.00057375,5.66624,200
41.21141678,6.42519,205
49.6273566,6.71476,244
54.61189646,6.98603,260
57.1025723,5.76683,267
58.83714936,5.83084,277
60.23909418,6.10211,282
63.30663888,7.33045,293
64.73914416,6.10211,299
76.5302092,7.67488,354
81.03908562,6.11125,368
90.22616078,5.62357,397
98.62355763,5.30049,417
102.234964,5.3584,436
121.6260878,5.72111,507
125.2390443,6.1021,515
131.1025201,7.45847,533
137.6389944,6.10211,565
140.4024565,6.53493,571
142.2495187,6.86106,582
145.4295539,6.85497,611
163.3247001,8.21438,694
166.9337389,8.51613,711
181.3093254,9.14097,769
186.3401836,8.40945,812
191.3326634,9.40309,839
194.6223961,8.37897,852
202.9253077,8.0894,890
207.3409371,5.29134,905
227.1402566,6.97079,937
235.4418409,6.99822,995
238.1499435,7.1872,998
240.0091678,6.97079,1013
243.3391508,6.07773,1023
245.3254349,7.12624,1030
249.4111957,7.61392,1045
254.3287664,7.96444,1063
256.0236595,8.31801,1074
262.7098891,8.06502,1098
267.4192382,8.37592,1120
269.1119132,7.76937,1123
270.7062814,9.49454,1130
272.9100251,9.29337,1136
282.2079354,8.93675,1165
287.4390016,10.66497,1181
308.7475477,4.26721,1254
316.7388944,6.10211,1268
319.2054551,6.23927,1274
321.1272051,7.24511,1279
323.4111512,7.61697,1287
330.1187864,8.72339,1307
333.2211912,9.68961,1317
336.3333449,8.82703,1324
352.642377,9.18974,1381
356.1405412,8.37287,1386
361.7112356,7.61392,1400
358.5259482,9.13487,1410
372.5365647,10.65887,1437
377.9360504,8.63805,1455
383.2312142,7.62307,1466
389.3176999,4.52324,1485
392.6188444,4.57201,1495
395.2477472,4.30683,1500
398.9364076,5.88265,1516
404.2111512,7.61697,1521
405.8148779,6.07772,1525
410.2445303,6.70561,1542
407.8227237,8.98248,1544
422.7296997,6.93422,1595
430.9495192,6.86716,1631
433.248656,6.31242,1645
465.2311518,3.16688,1696
462.3265406,4.18796,1710
472.8148093,6.20879,1720
476.1152992,4.75489,1732
479.0140544,6.08686,1739
486.1245076,8.254,1755
491.8170334,9.83592,1765
493.7305963,9.54026,1772
504.0095412,9.18974,1804
510.0365689,10.70764,1821
517.9107779,11.58547,1851
524.4023037,8.55575,1868
526.5223646,10.70765,1873
530.7244381,10.75946,1887
536.0246103,11.79883,1927
538.0230763,11.619,1929
544.0230942,10.40894,1941
542.0260885,11.31724,1951
550.3077767,12.13716,1984
552.3223297,10.71069,1998
556.2090585,11.69825,2019
563.1331374,5.18466,2042
578.8049001,4.83109,2058
586.5112571,7.65354,2071
591.3227954,7.85776,2092
593.6224124,8.37288,2097
598.8272061,9.41834,2113
604.6063819,9.48845,2128
606.6438379,10.5522,2132
611.9426184,9.18059,2151
617.2049155,10.39675,2169
622.409478,9.18669,2186
624.833205,10.28702,2190
628.3121403,9.18059,2199
635.9094497,9.21412,2258
637.4058913,8.72644,2269
639.1153119,8.81178,2275
647.5137048,5.7973,2313
649.1266309,5.68453,2322
651.3454571,3.61189,2337
656.1138541,4.37084,2341
659.310299,5.87961,2347
662.8112527,7.65659,2358
665.5400852,8.11075,2367
672.5102733,8.77216,2391
680.5248014,7.79985,2411
691.3495176,8.42468,2453
692.5016545,8.78131,2461
698.4426184,9.18059,2473
704.8426326,9.17754,2486
709.9313341,7.62306,2774
717.7191234,7.27864,2800
715.8404874,8.42164,2809
718.7492838,9.50368,2814
720.9122399,9.1806,2824
724.0433267,6.08992,2833
732.7220557,3.65761,2854
752.1281385,3.05105,2901
755.2087289,3.72466,2924
764.0467387,5.07798,2932
770.2033828,6.36728,2968
784.1186445,4.57201,2992
787.2402903,4.05994,2999
792.4166779,4.48971,3009
795.7307601,3.4351,3015
806.6164495,5.84912,3046
818.4325214,7.00736,3090
829.242637,9.16231,3125
832.4148326,12.71323,3128
835.4341931,10.3998,3138
837.346207,13.52705,3144
845.0214041,9.4793,3171
849.0009521,9.81763,3186
854.8200638,10.82652,3206
857.5199371,12.27127,3215
859.9052764,11.70739,3225
862.2267404,11.85065,3233
864.8109493,12.35052,3242
872.1329093,11.50013,3264
879.1400322,10.08585,3291
882.6444078,9.25679,3305
887.2426233,9.18669,3320
22.23594802,6.64465,3340
418.9457318,7.12929,3345
2.951627781,4.4318,59
6.085283615,4.58421,79
9.354111111,4.572,87
11.68519757,4.5781,93
17.09220069,5.32791,116
26.96311557,6.9525,163
29.45119291,7.45238,169
32.28722677,5.94971,187
43.59115369,7.62612,212
45.96536147,7.94006,224
47.69123367,7.62611,240
51.06403336,6.09601,249
53.15514201,6.79705,255
66.48903332,6.09601,311
69.98284483,6.86411,329
73.75356271,6.64466,343
71.957562,6.7178,348
78.49287404,6.90068,362
82.68908335,6.09601,378
85.16398333,6.09601,381
86.76442625,5.94056,391
105.0843757,4.72745,448
107.158267,4.59639,459
109.6756033,5.38888,469
112.1901612,5.98933,472
117.0640334,6.09601,488
118.9587508,6.5715,494
123.0891833,6.09602,510
127.6843469,7.01651,521
133.0511662,7.62306,542
134.7972641,8.28143,561
148.4511662,7.62306,621
151.1988091,8.53137,636
152.9511857,7.62611,649
155.7568239,8.78436,655
157.5859561,8.4064,660
161.5987417,8.07417,681
160.0948239,7.67488,683
165.268305,8.61976,695
169.3564473,8.65939,712
173.0639201,10.57963,723
174.8925187,9.62866,730
176.4601506,9.44882,765
177.5593482,9.13488,766
184.5594379,8.53137,793
183.1954556,9.14401,804
193.2589608,9.18974,841
197.7767084,8.99467,857
199.6959338,8.34544,868
205.4959842,7.23597,898
213.8869989,1.03937,909
218.7543402,3.73381,916
221.5979352,5.80645,920
224.5873265,5.63576,925
229.5712097,7.62611,956
232.1664392,8.04064,978
247.4722337,7.39141,1037
259.0767794,9.19279,1080
260.7604501,8.1717,1092
265.67662,9.15621,1110
274.7699529,9.92431,1146
276.2971053,10.35408,1149
279.7568984,10.21387,1157
284.3583203,9.75057,1169
290.1975355,9.81153,1195
295.3751716,9.1745,1209
292.8778595,10.35713,1217
297.6867594,8.11074,1220
298.6545612,7.62916,1221
302.7873893,5.73634,1237
304.3882185,6.06248,1246
305.9787774,5.31877,1249
311.0855702,4.63297,1256
314.1836297,4.45619,1262
325.4593618,9.13792,1291
328.1755964,9.28422,1305
338.5863119,8.64719,1332
340.3540107,8.22047,1341
341.8669127,8.67158,1346
343.8873177,8.08332,1350
346.091053,7.57429,1355
347.4920941,7.60782,1358
349.5586875,8.39116,1367
359.8547158,8.0254,1414
364.4587302,8.38506,1418
368.8548949,10.96977,1429
373.9937583,10.66192,1443
380.5656509,9.30252,1459
381.6962553,8.2479,1462
385.5669353,6.05029,1477
387.1638129,6.01676,1481
402.1908263,7.58649,1513
413.6512657,7.62612,1565
415.586237,7.47066,1577
417.3546019,7.52857,1585
421.3568194,7.1811,1591
425.0684757,6.06554,1618
429.3747981,7.29692,1627
427.3574007,6.69952,1638
436.9889833,6.09601,1655
438.6741351,7.95834,1659
441.4526235,4.60859,1667
444.1732045,5.36145,1675
446.9780885,3.05105,1681
450.9845851,3.36805,1685
456.073866,5.26391,1689
458.4670114,4.71527,1698
468.7853778,4.57201,1717
481.6871419,6.66904,1746
489.1883226,8.07417,1754
495.6784853,10.53086,1780
500.7927595,9.73838,1793
501.8923293,9.39091,1795
506.4831721,11.34468,1810
512.2648585,10.73203,1829
515.9633623,9.47016,1845
522.179143,10.71678,1861
528.8934261,10.72594,1882
533.5965537,12.94183,1898
546.0746057,11.4666,1961
549.0508158,10.71069,1992
553.8650346,10.70765,2006
558.1590543,9.19583,2022
561.7709583,7.62306,2035
568.6990282,1.04547,2050
582.2717582,6.82449,2065
589.4724254,9.33299,2095
596.3837961,7.79375,2108
601.6639927,10.52477,2122
609.7913048,10.10719,2146
615.0789126,9.84811,2158
620.0592051,9.17755,2176
631.2802451,10.52782,2234
632.8664525,9.48844,2243
634.476246,9.15316,2253
642.2712552,7.61696,2300
643.7987843,7.35484,2301
645.5737695,6.70867,2308
661.0976608,6.42825,2352
669.6921952,9.03429,2381
674.8512677,7.61392,2395
677.6912562,7.61087,2405
682.8914897,7.60477,2426
686.8760809,9.14097,2440
688.5928126,9.13183,2441
695.4927816,9.13488,2459
700.2967183,8.85446,2474
702.657944,9.00381,2481
707.6913519,11.5367,2775
713.7760983,9.13488,2796
729.8869663,4.47448,2849
726.6787879,5.66624,2850
735.573963,2.74321,2860
742.8653808,2.05435,2872
748.0896604,2.63348,2890
758.2542257,3.43815,2906
760.9684737,5.67844,2912
765.9923727,6.00762,2930
774.0802433,5.34316,2962
777.5626274,5.18161,2974
780.0522096,4.57506,2980
789.3645644,5.02616,3004
798.3813429,3.8283,3024
801.0684826,4.86766,3034
804.5890333,6.09601,3039
810.283788,7.15062,3060
813.9816555,7.26644,3072
816.5500298,6.82144,3078
820.9598311,7.46152,3093
826.6665796,8.16561,3113
824.9527801,7.30912,3114
838.950343,9.4793,3152
841.6875424,9.28118,3159
847.3934153,10.66193,3179
850.3737132,9.79019,3188
852.3957122,9.12268,3199
867.072732,13.7526,3249
869.8521885,12.0701,3260
877.7833115,9.28422,3287
881.1720971,9.87858,3299
885.3942477,8.1778,3313
889.3860435,10.27178,3324
94.98236294,5.968,3360
