method,start_s,end_s,duration_s,x_min_m,x_max_m,length_m,k_veh_km,q_veh_h,v_km_h,samples,coverage,vehicle_seconds,vehicle_metres,detector_x_m,window_s
edie,0,10,10,150,250,100,71.58685388,1355.586077,18.93624323,11,1,71.58685388,376.551688,,10
edie,10,20,10,150,250,100,72.37576568,1421.132782,19.63547837,12,1,72.37576568,394.759106,,10
edie,20,30,10,150,250,100,72.43483443,1520.807882,20.99553197,12,1,72.43483443,422.446634,,10
edie,30,40,10,150,250,100,55.24334725,1218.435682,22.05579028,9,1,55.24334725,338.454356,,10
edie,40,50,10,150,250,100,57.83425661,1569.886394,27.14457635,10,1,57.83425661,436.079554,,10
edie,50,60,10,150,250,100,74.90152719,1900.684962,25.37578382,12,1,74.90152719,527.968045,,10
edie,60,70,10,150,250,100,65.77386352,1632.159724,24.8147157,11,1,65.77386352,453.377701,,10
edie,70,80,10,150,250,100,66.00178483,1592.507959,24.12825597,11,1,66.00178483,442.363322,,10
edie,80,90,10,150,250,100,66.62294272,1403.700444,21.06932517,10,1,66.62294272,389.91679,,10
edie,90,100,10,150,250,100,55.8913965,1085.634173,19.4239944,11,1,55.8913965,301.565048,,10
edie,100,110,10,150,250,100,64.25068348,1187.741772,18.48605661,9,1,64.25068348,329.92827,,10
edie,110,120,10,150,250,100,70.34502051,1382.72553,19.65633843,11,1,70.34502051,384.090425,,10
edie,120,130,10,150,250,100,64.28638132,1468.692468,22.84609023,9,1,64.28638132,407.97013,,10
edie,130,140,10,150,250,100,56.06740333,1509.845663,26.92911698,10,1,56.06740333,419.401573,,10
edie,140,150,10,150,250,100,46.0680336,1323.886698,28.73764288,9,1,46.0680336,367.746305,,10
edie,150,160,10,150,250,100,53.57497146,1629.135245,30.40851353,10,1,53.57497146,452.537568,,10
edie,160,170,10,150,250,100,55.32791364,1647.824515,29.78287824,9,1,55.32791364,457.729032,,10
edie,170,180,10,150,250,100,54.72609601,1717.758335,31.38828567,10,1,54.72609601,477.155093,,10
edie,180,190,10,150,250,100,55.31491865,1711.45152,30.94014349,11,1,55.31491865,475.4032,,10
edie,190,200,10,150,250,100,49.49032585,1454.198465,29.3834894,9,1,49.49032585,403.944018,,10
edie,200,210,10,150,250,100,71.82405519,1293.728072,18.01246211,11,1,71.82405519,359.368909,,10
edie,210,220,10,150,250,100,84.44918943,946.9468548,11.21321426,12,1,84.44918943,263.040793,,10
edie,220,230,10,150,250,100,66.5235003,1212.200197,18.22213491,10,1,66.5235003,336.722277,,10
edie,230,240,10,150,250,100,52.93166665,1314.183427,24.82792458,9,1,52.93166665,365.050952,,10
edie,240,250,10,150,250,100,55.67008398,1391.763107,25.00019772,9,1,55.67008398,386.600863,,10
edie,250,260,10,150,250,100,53.97943353,1461.362807,27.07258508,11,1,53.97943353,405.934113,,10
edie,260,270,10,150,250,100,55.96336145,1634.565506,29.20777923,11,1,55.96336145,454.045974,,10
edie,270,280,10,150,250,100,54.0689562,1709.605897,31.61899207,10,1,54.0689562,474.890527,,10
edie,280,290,10,150,250,100,40.57989617,1362.33436,33.57165711,9,1,40.57989617,378.426211,,10
edie,290,300,10,150,250,100,54.30359873,1666.769278,30.69353259,11,1,54.30359873,462.991466,,10
edie,300,310,10,150,250,100,70.65901567,1721.423257,24.36240076,12,1,70.65901567,478.173127,,10
edie,310,320,10,150,250,100,69.89720849,1458.580644,20.86750924,12,1,69.89720849,405.16129,,10
edie,320,330,10,150,250,100,55.4826417,1530.696229,27.58874095,9,1,55.4826417,425.193397,,10
edie,330,340,10,150,250,100,46.3779325,1468.275862,31.65893308,9,1,46.3779325,407.854406,,10
edie,340,350,10,150,250,100,55.49534502,1765.054854,31.8054578,9,1,55.49534502,490.293015,,10
edie,350,360,10,150,250,100,47.53115437,1498.586087,31.52850181,9,1,47.53115437,416.273913,,10
edie,360,370,10,150,250,100,41.62794507,1336.930092,32.11616835,9,1,41.62794507,371.36947,,10
edie,370,380,10,150,250,100,42.73488266,1380.665203,32.30768677,9,1,42.73488266,383.518112,,10
edie,380,390,10,150,250,100,64.07976996,1707.192603,26.64167809,10,1,64.07976996,474.2201675,,10
edie,390,400,10,150,250,100,51.47409982,1297.614098,25.2090683,11,1,51.47409982,360.4483605,,10
edie,400,410,10,150,250,100,54.97248917,1557.939182,28.34034271,9,1,54.97248917,432.760884,,10
edie,410,420,10,150,250,100,61.28498102,1670.619092,27.25984515,11,1,61.28498102,464.060859,,10
edie,420,430,10,150,250,100,70.93168196,1696.945086,23.92365497,11,1,70.93168196,471.373635,,10
edie,430,440,10,150,250,100,65.7566731,1497.184128,22.76855044,11,1,65.7566731,415.88448,,10
edie,440,450,10,150,250,100,64.17075704,1161.762883,18.10424151,9,1,64.17075704,322.711912,,10
edie,450,460,10,150,250,100,73.6151191,992.5758738,13.48331547,10,1,73.6151191,275.7155205,,10
edie,460,470,10,150,250,100,67.24679702,913.8072798,13.58885955,10,1,67.24679702,253.8353555,,10
edie,470,480,10,150,250,100,55.40680361,1129.460913,20.38487766,9,1,55.40680361,313.7391425,,10
edie,480,490,10,150,250,100,45.32180941,1190.156526,26.26012821,9,1,45.32180941,330.599035,,10
edie,490,500,10,150,250,100,39.59717978,1319.613512,33.32594694,8,1,39.59717978,366.559309,,10
edie,500,510,10,150,250,100,38.7269826,1359.338789,35.10056032,7,1,38.7269826,377.594108,,10
edie,510,520,10,150,250,100,32.6682372,1210.346147,37.0496314,7,1,32.6682372,336.207263,,10
edie,520,530,10,150,250,100,39.82850719,1441.916953,36.20313828,8,1,39.82850719,400.532487,,10
edie,530,540,10,150,250,100,36.35490293,1442.465593,39.6773331,8,1,36.35490293,400.684887,,10
edie,540,550,10,150,250,100,37.97425872,1546.858825,40.73440476,9,1,37.97425872,429.683007,,10
edie,550,560,10,150,250,100,52.41504744,1651.669027,31.51135233,10,1,52.41504744,458.796952,,10
edie,560,570,10,150,250,100,73.41115435,920.3869494,12.53742647,10,1,73.41115435,255.6630415,,10
edie,570,580,10,150,250,100,83.89113542,658.4154048,7.848450274,11,1,83.89113542,182.893168,,10
edie,580,590,10,150,250,100,60.19752729,1001.042136,16.62928996,9,1,60.19752729,278.06726,,10
edie,590,600,10,150,250,100,46.12830884,1382.841475,29.97815246,8,1,46.12830884,384.122632,,10
edie,600,610,10,150,250,100,42.90604421,1395.098114,32.51518848,8,1,42.90604421,387.527254,,10
edie,610,620,10,150,250,100,43.07091492,1359.753196,31.57010243,8,1,43.07091492,377.709221,,10
edie,620,630,10,150,250,100,39.50218258,1303.101427,32.98808677,9,1,39.50218258,361.9726185,,10
edie,630,640,10,150,250,100,57.75203518,1806.078577,31.27298581,11,1,57.75203518,501.6884935,,10
edie,640,650,10,150,250,100,70.83893907,1726.801034,24.3764384,12,1,70.83893907,479.666954,,10
edie,650,660,10,150,250,100,79.83964235,1376.13964,17.23629514,12,1,79.83964235,382.261011,,10
edie,660,670,10,150,250,100,58.89433423,1316.697667,22.35694969,10,1,58.89433423,365.749352,,10
edie,670,680,10,150,250,100,50.2530222,1327.151117,26.40937915,8,1,50.2530222,368.653088,,10
edie,680,690,10,150,250,100,47.76816629,1362.551623,28.52426059,9,1,47.76816629,378.486562,,10
edie,690,700,10,150,250,100,53.4436993,1548.431233,28.97312973,9,1,53.4436993,430.119787,,10
edie,700,710,10,150,250,100,46.44652785,1402.328653,30.19232477,8,1,46.44652785,389.535737,,10
edie,710,720,10,150,250,100,52.25301848,1570.874681,30.06285046,9,1,52.25301848,436.354078,,10
edie,720,730,10,150,250,100,62.81438814,1325.163928,21.096503,10,1,62.81438814,368.101091,,10
edie,730,740,10,150,250,100,70.90907966,907.4648088,12.79758267,10,1,70.90907966,252.073558,,10
edie,740,750,10,150,250,100,89.55227608,890.5663044,9.944652927,13,1,89.55227608,247.379529,,10
edie,750,760,10,150,250,100,82.90504878,989.6146704,11.93672382,11,1,82.90504878,274.892964,,10
edie,760,770,10,150,250,100,67.78276834,1264.617364,18.65691524,11,1,67.78276834,351.282601,,10
edie,770,780,10,150,250,100,53.60999957,1027.281078,19.16211689,9,1,53.60999957,285.355855,,10
edie,780,790,10,150,250,100,71.65978233,1197.61731,16.71254462,10,1,71.65978233,332.671475,,10
edie,790,800,10,150,250,100,75.41453621,1224.855886,16.24164183,11,1,75.41453621,340.237746,,10
edie,800,810,10,150,250,100,58.1433602,1159.347031,19.93945701,9,1,58.1433602,322.040842,,10
edie,810,820,10,150,250,100,53.51601212,1221.455038,22.82410421,9,1,53.51601212,339.293066,,10
edie,820,830,10,150,250,100,49.76129167,1370.491564,27.54131811,9,1,49.76129167,380.692101,,10
edie,830,840,10,150,250,100,45.50333588,1478.312705,32.48800723,9,1,45.50333588,410.642418,,10
detector,0,10,10,150,250,100,66.2504705,1080,16.30177102,3,1,,,200,10
detector,10,20,10,150,250,100,73.71193121,1440,19.5355077,4,1,,,200,10
detector,20,30,10,150,250,100,57.69023768,1440,24.9608956,4,1,,,200,10
detector,30,40,10,150,250,100,53.04422299,1080,20.36036988,3,1,,,200,10
detector,40,50,10,150,250,100,69.27634362,1800,25.98289555,5,1,,,200,10
detector,50,60,10,150,250,100,79.92145588,1800,22.52211224,5,1,,,200,10
detector,60,70,10,150,250,100,77.38997911,1800,23.25882525,5,1,,,200,10
detector,70,80,10,150,250,100,57.45634988,1440,25.06250402,4,1,,,200,10
detector,80,90,10,150,250,100,66.00503945,1440,21.81651601,4,1,,,200,10
detector,90,100,10,150,250,100,53.4045109,1080,20.22301079,3,1,,,200,10
detector,100,110,10,150,250,100,80.12827613,1440,17.97118408,4,1,,,200,10
detector,110,120,10,150,250,100,48.31775682,1080,22.35203103,3,1,,,200,10
detector,120,130,10,150,250,100,64.52317182,1440,22.31756374,4,1,,,200,10
detector,130,140,10,150,250,100,54.98865053,1440,26.18722202,4,1,,,200,10
detector,140,150,10,150,250,100,57.58343767,1440,25.00719058,4,1,,,200,10
detector,150,160,10,150,250,100,48.11385918,1440,29.92900641,4,1,,,200,10
detector,160,170,10,150,250,100,72.48029848,2160,29.80120178,6,1,,,200,10
detector,170,180,10,150,250,100,41.36817094,1440,34.80937076,4,1,,,200,10
detector,180,190,10,150,250,100,45.48871,1440,31.65620656,4,1,,,200,10
detector,190,200,10,150,250,100,56.55143072,1800,31.82943344,5,1,,,200,10
detector,200,210,10,150,250,100,45.08050795,1080,23.95713911,3,1,,,200,10
detector,210,220,10,150,250,100,122.9944233,720,5.85392395,2,1,,,200,10
detector,220,230,10,150,250,100,62.42448434,1440,23.06787177,4,1,,,200,10
detector,230,240,10,150,250,100,40.63979303,1080,26.57493849,3,1,,,200,10
detector,240,250,10,150,250,100,71.49479075,1800,25.17665946,5,1,,,200,10
detector,250,260,10,150,250,100,35.45600716,1080,30.46028266,3,1,,,200,10
detector,260,270,10,150,250,100,60.36817394,1800,29.81703574,5,1,,,200,10
detector,270,280,10,150,250,100,50.81763245,1800,35.42077647,5,1,,,200,10
detector,280,290,10,150,250,100,30.82205232,1080,35.03984708,3,1,,,200,10
detector,290,300,10,150,250,100,56.18398545,1800,32.03759907,5,1,,,200,10
detector,300,310,10,150,250,100,76.16347337,1440,18.90670076,4,1,,,200,10
detector,310,320,10,150,250,100,76.44041136,1440,18.83820317,4,1,,,200,10
detector,320,330,10,150,250,100,48.64536644,1440,29.60199717,4,1,,,200,10
detector,330,340,10,150,250,100,44.6770554,1440,32.2313095,4,1,,,200,10
detector,340,350,10,150,250,100,74.33206374,2160,29.05879228,6,1,,,200,10
detector,350,360,10,150,250,100,46.23253811,1440,31.14689478,4,1,,,200,10
detector,360,370,10,150,250,100,34.17577358,1080,31.60133295,3,1,,,200,10
detector,370,380,10,150,250,100,30.33771815,1080,35.59924957,3,1,,,200,10
detector,380,390,10,150,250,100,91.24856871,2160,23.67160417,6,1,,,200,10
detector,390,400,10,150,250,100,62.09029332,1080,17.39402316,3,1,,,200,10
detector,400,410,10,150,250,100,53.8962277,1440,26.71801091,4,1,,,200,10
detector,410,420,10,150,250,100,68.72078975,1800,26.19294695,5,1,,,200,10
detector,420,430,10,150,250,100,73.46410889,1800,24.50176048,5,1,,,200,10
detector,430,440,10,150,250,100,59.37345258,1440,24.25326366,4,1,,,200,10
detector,440,450,10,150,250,100,73.1258832,1080,14.76905239,3,1,,,200,10
detector,450,460,10,150,250,100,69.89574921,1080,15.45158342,3,1,,,200,10
detector,460,470,10,150,250,100,77.32701222,1080,13.96665886,3,1,,,200,10
detector,470,480,10,150,250,100,53.56601051,1080,20.16203913,3,1,,,200,10
detector,480,490,10,150,250,100,39.49517387,1080,27.34511319,3,1,,,200,10
detector,490,500,10,150,250,100,30.14461238,1080,35.82729764,3,1,,,200,10
detector,500,510,10,150,250,100,40.61364869,1440,35.45606087,4,1,,,200,10
detector,510,520,10,150,250,100,37.84801277,1440,38.04691171,4,1,,,200,10
detector,520,530,10,150,250,100,39.68151664,1440,36.28893556,4,1,,,200,10
detector,530,540,10,150,250,100,34.10303853,1440,42.22497648,4,1,,,200,10
detector,540,550,10,150,250,100,36.50065041,1440,39.45135179,4,1,,,200,10
detector,550,560,10,150,250,100,46.33752509,1800,38.84540654,5,1,,,200,10
detector,560,570,10,150,250,100,128.0565195,1080,8.433775995,3,1,,,200,10
detector,570,580,10,150,250,100,20.69926249,360,17.391924,1,1,,,200,10
detector,580,590,10,150,250,100,38.43363874,1080,28.10038382,3,1,,,200,10
detector,590,600,10,150,250,100,48.11797111,1440,29.92644883,4,1,,,200,10
detector,600,610,10,150,250,100,39.41116802,1440,36.53786661,4,1,,,200,10
detector,610,620,10,150,250,100,30.66516912,1080,35.21911116,3,1,,,200,10
detector,620,630,10,150,250,100,42.39500195,1440,33.96626805,4,1,,,200,10
detector,630,640,10,150,250,100,64.62375162,2160,33.42424334,6,1,,,200,10
detector,640,650,10,150,250,100,76.47218338,1800,23.53797055,5,1,,,200,10
detector,650,660,10,150,250,100,67.57316418,1080,15.98267616,3,1,,,200,10
detector,660,670,10,150,250,100,52.01523235,1440,27.68419817,4,1,,,200,10
detector,670,680,10,150,250,100,37.67264231,1080,28.66801832,3,1,,,200,10
detector,680,690,10,150,250,100,47.86086659,1440,30.08721117,4,1,,,200,10
detector,690,700,10,150,250,100,45.09730702,1440,31.9309532,4,1,,,200,10
detector,700,710,10,150,250,100,55.08240063,1800,32.6783143,5,1,,,200,10
detector,710,720,10,150,250,100,47.08229322,1440,30.58474644,4,1,,,200,10
detector,720,730,10,150,250,100,67.31046454,1440,21.39340457,4,1,,,200,10
detector,730,740,10,150,250,100,63.79390143,720,11.28634531,2,1,,,200,10
detector,740,750,10,150,250,100,86.64976578,720,8.309312708,2,1,,,200,10
detector,750,760,10,150,250,100,88.70909929,1080,12.1746248,3,1,,,200,10
detector,760,770,10,150,250,100,53.94886733,1080,20.01895598,3,1,,,200,10
detector,770,780,10,150,250,100,53.71983093,1080,20.1043075,3,1,,,200,10
detector,780,790,10,150,250,100,88.25666547,1440,16.31604811,4,1,,,200,10
detector,790,800,10,150,250,100,77.50564239,1080,13.93446937,3,1,,,200,10
detector,800,810,10,150,250,100,54.04451348,1080,19.9835271,3,1,,,200,10
detector,810,820,10,150,250,100,56.67706944,1440,25.40710051,4,1,,,200,10
detector,820,830,10,150,250,100,50.24439327,1440,28.6599142,4,1,,,200,10
detector,830,840,10,150,250,100,35.4232882,1440,40.65122334,4,1,,,200,10
voronoi,0,10,10,150,250,100,70.48116105,1331.316933,18.88897562,200,1,,,,10
voronoi,10,20,10,150,250,100,71.98232928,1420.060185,19.72789988,200,1,,,,10
voronoi,20,30,10,150,250,100,70.99462291,1494.949339,21.05721923,200,1,,,,10
voronoi,30,40,10,150,250,100,54.71248392,1208.475147,22.08774051,200,1,,,,10
voronoi,40,50,10,150,250,100,58.93616904,1593.373047,27.0355721,200,1,,,,10
voronoi,50,60,10,150,250,100,73.65855772,1870.304308,25.39154127,200,1,,,,10
voronoi,60,70,10,150,250,100,66.05778227,1639.110527,24.81328423,200,1,,,,10
voronoi,70,80,10,150,250,100,64.75945709,1573.516145,24.29785882,200,1,,,,10
voronoi,80,90,10,150,250,100,66.60672414,1401.694971,21.04434634,200,1,,,,10
voronoi,90,100,10,150,250,100,57.5353422,1112.29336,19.33234977,200,1,,,,10
voronoi,100,110,10,150,250,100,63.96403617,1185.797943,18.53851029,200,1,,,,10
voronoi,110,120,10,150,250,100,69.56952866,1368.9487,19.67741806,200,1,,,,10
voronoi,120,130,10,150,250,100,64.06375412,1468.644856,22.92473921,200,1,,,,10
voronoi,130,140,10,150,250,100,55.84895665,1506.488628,26.97433791,200,1,,,,10
voronoi,140,150,10,150,250,100,46.62144025,1339.704836,28.73580973,200,1,,,,10
voronoi,150,160,10,150,250,100,53.08068488,1616.500689,30.45365169,200,1,,,,10
voronoi,160,170,10,150,250,100,54.50057423,1633.617162,29.97431102,200,1,,,,10
voronoi,170,180,10,150,250,100,53.97382838,1697.947744,31.45872351,200,1,,,,10
voronoi,180,190,10,150,250,100,55.24161419,1709.156883,30.9396622,200,1,,,,10
voronoi,190,200,10,150,250,100,50.51276473,1467.957033,29.0611104,200,1,,,,10
voronoi,200,210,10,150,250,100,72.22620008,1301.99215,18.02659075,200,1,,,,10
voronoi,210,220,10,150,250,100,83.06964102,927.8203797,11.1691873,200,1,,,,10
voronoi,220,230,10,150,250,100,66.73108556,1221.115692,18.29905331,200,1,,,,10
voronoi,230,240,10,150,250,100,52.78080002,1310.21602,24.82372415,200,1,,,,10
voronoi,240,250,10,150,250,100,55.4211985,1383.869087,24.97003178,200,1,,,,10
voronoi,250,260,10,150,250,100,53.98819115,1463.004923,27.09860974,200,1,,,,10
voronoi,260,270,10,150,250,100,56.2857478,1641.233338,29.15895057,200,1,,,,10
voronoi,270,280,10,150,250,100,53.80087025,1700.277962,31.60316839,200,1,,,,10
voronoi,280,290,10,150,250,100,41.1267367,1377.01243,33.48217097,200,1,,,,10
voronoi,290,300,10,150,250,100,54.64410689,1672.748733,30.61169498,200,1,,,,10
voronoi,300,310,10,150,250,100,69.76924716,1697.856437,24.33531257,200,1,,,,10
voronoi,310,320,10,150,250,100,69.64144959,1457.327585,20.92615236,200,1,,,,10
voronoi,320,330,10,150,250,100,55.55985459,1524.60621,27.44078834,200,1,,,,10
voronoi,330,340,10,150,250,100,47.38837881,1485.403087,31.34530289,200,1,,,,10
voronoi,340,350,10,150,250,100,54.81404122,1742.024864,31.78063185,200,1,,,,10
voronoi,350,360,10,150,250,100,47.36230935,1493.574413,31.5350842,200,1,,,,10
voronoi,360,370,10,150,250,100,42.02814616,1345.238021,32.00802661,200,1,,,,10
voronoi,370,380,10,150,250,100,44.05314663,1403.11279,31.85045558,200,1,,,,10
voronoi,380,390,10,150,250,100,64.12298401,1696.607516,26.45864883,200,1,,,,10
voronoi,390,400,10,150,250,100,51.11376915,1299.366448,25.42106501,200,1,,,,10
voronoi,400,410,10,150,250,100,54.37667811,1544.585137,28.40528679,200,1,,,,10
voronoi,410,420,10,150,250,100,61.75827244,1683.231506,27.25515853,200,1,,,,10
voronoi,420,430,10,150,250,100,70.36751606,1687.910438,23.98706864,200,1,,,,10
voronoi,430,440,10,150,250,100,65.25770609,1486.398671,22.77736623,200,1,,,,10
voronoi,440,450,10,150,250,100,64.83258162,1174.717512,18.11924626,200,1,,,,10
voronoi,450,460,10,150,250,100,73.29572837,988.5900073,13.48768925,200,1,,,,10
voronoi,460,470,10,150,250,100,67.43671593,909.8706372,13.49221451,200,1,,,,10
voronoi,470,480,10,150,250,100,55.09836732,1121.792794,20.35981914,200,1,,,,10
voronoi,480,490,10,150,250,100,46.11662246,1205.931963,26.14961588,200,1,,,,10
voronoi,490,500,10,150,250,100,39.60945139,1315.382209,33.20879645,200,1,,,,10
voronoi,500,510,10,150,250,100,38.61528945,1357.72864,35.16039008,200,1,,,,10
voronoi,510,520,10,150,250,100,32.75261694,1215.346642,37.10685607,200,1,,,,10
voronoi,520,530,10,150,250,100,39.65656254,1436.232801,36.21677496,200,1,,,,10
voronoi,530,540,10,150,250,100,36.28907029,1442.411756,39.74782886,200,1,,,,10
voronoi,540,550,10,150,250,100,38.38342324,1557.957059,40.58932027,200,1,,,,10
voronoi,550,560,10,150,250,100,52.76217871,1659.979262,31.46153747,200,1,,,,10
voronoi,560,570,10,150,250,100,74.69475623,896.2945429,11.99943059,200,1,,,,10
voronoi,570,580,10,150,250,100,84.00597542,662.0859819,7.881415324,200,1,,,,10
voronoi,580,590,10,150,250,100,61.70197496,1014.383502,16.44004916,200,1,,,,10
voronoi,590,600,10,150,250,100,46.87231538,1389.56879,29.64583205,200,1,,,,10
voronoi,600,610,10,150,250,100,43.18443066,1399.779051,32.4139749,200,1,,,,10
voronoi,610,620,10,150,250,100,43.35021382,1365.296299,31.49456896,200,1,,,,10
voronoi,620,630,10,150,250,100,39.71237727,1305.070422,32.86306467,200,1,,,,10
voronoi,630,640,10,150,250,100,57.80761084,1809.658192,31.30484318,200,1,,,,10
voronoi,640,650,10,150,250,100,70.25720394,1710.447725,24.34551376,200,1,,,,10
voronoi,650,660,10,150,250,100,78.78559074,1363.809557,17.31039323,200,1,,,,10
voronoi,660,670,10,150,250,100,59.12106533,1324.770243,22.40775324,200,1,,,,10
voronoi,670,680,10,150,250,100,49.927088,1319.954299,26.43763841,200,1,,,,10
voronoi,680,690,10,150,250,100,47.83097949,1364.120186,28.51959548,200,1,,,,10
voronoi,690,700,10,150,250,100,53.25538835,1542.829652,28.97039529,200,1,,,,10
voronoi,700,710,10,150,250,100,44.73156348,1368.17966,30.58644844,200,1,,,,10
voronoi,710,720,10,150,250,100,51.92828622,1563.672667,30.11215622,200,1,,,,10
voronoi,720,730,10,150,250,100,62.51965798,1317.39764,21.0717346,200,1,,,,10
voronoi,730,740,10,150,250,100,71.22139692,916.8099581,12.87267588,200,1,,,,10
voronoi,740,750,10,150,250,100,89.93483305,889.9511507,9.895511232,200,1,,,,10
voronoi,750,760,10,150,250,100,81.19216708,982.0632688,12.09554202,200,1,,,,10
voronoi,760,770,10,150,250,100,67.64707783,1259.005254,18.61137679,200,1,,,,10
voronoi,770,780,10,150,250,100,54.87880656,1046.032181,19.06076765,200,1,,,,10
voronoi,780,790,10,150,250,100,69.89985588,1166.902045,16.69391203,200,1,,,,10
voronoi,790,800,10,150,250,100,74.65827573,1214.919197,16.27306799,200,1,,,,10
voronoi,800,810,10,150,250,100,58.66773122,1169.42555,19.93302835,200,1,,,,10
voronoi,810,820,10,150,250,100,53.26952388,1213.291583,22.77646757,200,1,,,,10
voronoi,820,830,10,150,250,100,49.42137278,1361.824991,27.55538574,200,1,,,,10
voronoi,830,840,10,150,250,100,45.6619353,1477.889257,32.36589179,200,1,,,,10
kernel,0,10,10,150,250,100,70.82909291,1347.743887,19.02811164,200,1,,,,10
kernel,10,20,10,150,250,100,72.00448035,1437.118601,19.9587386,200,1,,,,10
kernel,20,30,10,150,250,100,70.76877267,1511.007093,21.35132539,200,1,,,,10
kernel,30,40,10,150,250,100,54.93713192,1213.73135,22.09309637,200,1,,,,10
kernel,40,50,10,150,250,100,58.87930491,1585.454007,26.92718621,200,1,,,,10
kernel,50,60,10,150,250,100,73.83645062,1881.143096,25.4771604,200,1,,,,10
kernel,60,70,10,150,250,100,66.01255641,1640.832469,24.85636912,200,1,,,,10
kernel,70,80,10,150,250,100,64.99431229,1584.942779,24.3858689,200,1,,,,10
kernel,80,90,10,150,250,100,66.60789788,1401.99492,21.04847871,200,1,,,,10
kernel,90,100,10,150,250,100,57.57338446,1105.93309,19.20910331,200,1,,,,10
kernel,100,110,10,150,250,100,64.14667987,1190.67964,18.56182802,200,1,,,,10
kernel,110,120,10,150,250,100,69.37854943,1372.214947,19.77866298,200,1,,,,10
kernel,120,130,10,150,250,100,64.23565204,1478.735833,23.02048451,200,1,,,,10
kernel,130,140,10,150,250,100,55.99670024,1513.826975,27.03421752,200,1,,,,10
kernel,140,150,10,150,250,100,46.43385529,1334.971029,28.74995024,200,1,,,,10
kernel,150,160,10,150,250,100,53.35033776,1623.776934,30.43611347,200,1,,,,10
kernel,160,170,10,150,250,100,54.89261929,1646.918799,30.00255445,200,1,,,,10
kernel,170,180,10,150,250,100,54.00853619,1702.701607,31.52652761,200,1,,,,10
kernel,180,190,10,150,250,100,55.16845473,1707.57192,30.9519621,200,1,,,,10
kernel,190,200,10,150,250,100,50.22513557,1449.469019,28.85943467,200,1,,,,10
kernel,200,210,10,150,250,100,71.90788501,1309.128243,18.20562854,200,1,,,,10
kernel,210,220,10,150,250,100,83.26129847,946.4124039,11.36677449,200,1,,,,10
kernel,220,230,10,150,250,100,66.62816354,1222.079378,18.34178391,200,1,,,,10
kernel,230,240,10,150,250,100,52.74969191,1308.167354,24.79952596,200,1,,,,10
kernel,240,250,10,150,250,100,55.50074972,1393.43946,25.10667814,200,1,,,,10
kernel,250,260,10,150,250,100,53.97977397,1463.425703,27.11063044,200,1,,,,10
kernel,260,270,10,150,250,100,56.25892689,1636.519416,29.08906206,200,1,,,,10
kernel,270,280,10,150,250,100,53.72466794,1697.216387,31.59100748,200,1,,,,10
kernel,280,290,10,150,250,100,40.93810268,1368.523059,33.42907877,200,1,,,,10
kernel,290,300,10,150,250,100,54.63555843,1670.284283,30.57137752,200,1,,,,10
kernel,300,310,10,150,250,100,70.25597061,1714.206561,24.39944315,200,1,,,,10
kernel,310,320,10,150,250,100,69.57024665,1465.036236,21.05837346,200,1,,,,10
kernel,320,330,10,150,250,100,55.54983928,1521.005527,27.38091678,200,1,,,,10
kernel,330,340,10,150,250,100,47.19881306,1476.088465,31.27384714,200,1,,,,10
kernel,340,350,10,150,250,100,55.10430537,1753.618098,31.82361317,200,1,,,,10
kernel,350,360,10,150,250,100,47.50073989,1500.774037,31.59475075,200,1,,,,10
kernel,360,370,10,150,250,100,41.8085703,1334.415922,31.91728184,200,1,,,,10
kernel,370,380,10,150,250,100,43.56630387,1380.537754,31.6882001,200,1,,,,10
kernel,380,390,10,150,250,100,64.21751637,1701.852967,26.50138254,200,1,,,,10
kernel,390,400,10,150,250,100,51.81062355,1318.877547,25.45573584,200,1,,,,10
kernel,400,410,10,150,250,100,54.51121061,1550.977212,28.45244482,200,1,,,,10
kernel,410,420,10,150,250,100,61.55254073,1676.40998,27.23543106,200,1,,,,10
kernel,420,430,10,150,250,100,70.33584272,1690.939505,24.04093616,200,1,,,,10
kernel,430,440,10,150,250,100,65.54821434,1489.276632,22.72032346,200,1,,,,10
kernel,440,450,10,150,250,100,64.8010357,1172.501178,18.09386479,200,1,,,,10
kernel,450,460,10,150,250,100,73.23655052,989.4728561,13.51064256,200,1,,,,10
kernel,460,470,10,150,250,100,67.41909886,913.3623868,13.54753182,200,1,,,,10
kernel,470,480,10,150,250,100,55.07382952,1119.575517,20.32863025,200,1,,,,10
kernel,480,490,10,150,250,100,46.0342995,1204.690527,26.16941151,200,1,,,,10
kernel,490,500,10,150,250,100,39.27758152,1309.680556,33.34422604,200,1,,,,10
kernel,500,510,10,150,250,100,38.75585943,1365.126913,35.2237554,200,1,,,,10
kernel,510,520,10,150,250,100,32.57935484,1208.089733,37.08145049,200,1,,,,10
kernel,520,530,10,150,250,100,39.82454528,1443.009145,36.23416501,200,1,,,,10
kernel,530,540,10,150,250,100,36.27026794,1436.619238,39.60872968,200,1,,,,10
kernel,540,550,10,150,250,100,38.17652342,1546.973409,40.52158946,200,1,,,,10
kernel,550,560,10,150,250,100,52.85698869,1642.587181,31.07606433,200,1,,,,10
kernel,560,570,10,150,250,100,75.18120869,925.8294983,12.31463971,200,1,,,,10
kernel,570,580,10,150,250,100,83.52561304,677.6651913,8.113262107,200,1,,,,10
kernel,580,590,10,150,250,100,61.21089761,996.4821899,16.27948991,200,1,,,,10
kernel,590,600,10,150,250,100,46.8689678,1381.125216,29.46779672,200,1,,,,10
kernel,600,610,10,150,250,100,42.98673505,1387.367434,32.27431515,200,1,,,,10
kernel,610,620,10,150,250,100,43.31755987,1363.20707,31.4700799,200,1,,,,10
kernel,620,630,10,150,250,100,39.63835122,1297.279737,32.72789348,200,1,,,,10
kernel,630,640,10,150,250,100,57.74664927,1810.581658,31.35388254,200,1,,,,10
kernel,640,650,10,150,250,100,70.28015828,1717.998236,24.44499668,200,1,,,,10
kernel,650,660,10,150,250,100,78.7316229,1378.823605,17.512958,200,1,,,,10
kernel,660,670,10,150,250,100,59.14254005,1315.248977,22.2386285,200,1,,,,10
kernel,670,680,10,150,250,100,50.0950044,1321.699668,26.3838617,200,1,,,,10
kernel,680,690,10,150,250,100,47.63375393,1360.989363,28.57195267,200,1,,,,10
kernel,690,700,10,150,250,100,53.31611494,1547.115067,29.01777575,200,1,,,,10
kernel,700,710,10,150,250,100,45.81375597,1384.155512,30.21266174,200,1,,,,10
kernel,710,720,10,150,250,100,52.04569062,1565.273226,30.07498234,200,1,,,,10
kernel,720,730,10,150,250,100,62.72215882,1320.552235,21.05399845,200,1,,,,10
kernel,730,740,10,150,250,100,71.32174815,917.1912354,12.85990962,200,1,,,,10
kernel,740,750,10,150,250,100,89.48401819,901.7580219,10.07730811,200,1,,,,10
kernel,750,760,10,150,250,100,80.9291559,989.1991207,12.22302531,200,1,,,,10
kernel,760,770,10,150,250,100,68.07634305,1263.509299,18.56018174,200,1,,,,10
kernel,770,780,10,150,250,100,54.39345722,1029.307472,18.92336918,200,1,,,,10
kernel,780,790,10,150,250,100,70.43226436,1173.022894,16.65462419,200,1,,,,10
kernel,790,800,10,150,250,100,74.78468129,1228.017543,16.42070972,200,1,,,,10
kernel,800,810,10,150,250,100,58.69365402,1169.402083,19.92382486,200,1,,,,10
kernel,810,820,10,150,250,100,53.57705814,1223.417927,22.83473505,200,1,,,,10
kernel,820,830,10,150,250,100,49.48673399,1363.695843,27.5567962,200,1,,,,10
kernel,830,840,10,150,250,100,45.55303376,1470.407735,32.27902982,200,1,,,,10
edie,0,30,30,150,250,100,72.13248466,1432.508914,19.85941452,20,1,216.397454,1193.757428,,30
edie,30,60,30,150,250,100,62.65971035,1563.002346,24.94429574,20,1,187.9791311,1302.501955,,30
edie,60,90,30,150,250,100,66.13286369,1542.789376,23.32863405,19,1,198.3985911,1285.657813,,30
edie,90,120,30,150,250,100,63.49570016,1218.700492,19.19343339,18,1,190.4871005,1015.583743,,30
edie,120,150,30,150,250,100,55.47393942,1434.14161,25.85252868,17,1,166.4218182,1195.118008,,30
edie,150,180,30,150,250,100,54.5429937,1664.906032,30.52465438,19,1,163.6289811,1387.421693,,30
edie,180,210,30,150,250,100,58.87643323,1486.459352,25.24710263,20,1,176.6292997,1238.716127,,30
edie,210,240,30,150,250,100,67.96811879,1157.776826,17.0341161,17,1,203.9043564,964.814022,,30
edie,240,270,30,150,250,100,55.20429299,1495.89714,27.09747846,19,1,165.612879,1246.58095,,30
edie,270,300,30,150,250,100,49.65081704,1579.569845,31.81357204,20,1,148.9524511,1316.308204,,30
edie,300,330,30,150,250,100,65.34628862,1570.233377,24.02941942,18,1,196.0388659,1308.527814,,30
edie,330,360,30,150,250,100,49.8014773,1577.305601,31.6718637,18,1,149.4044319,1314.421334,,30
edie,360,390,30,150,250,100,49.48086589,1474.929299,29.80807374,18,1,148.4425977,1229.10775,,30
edie,390,420,30,150,250,100,55.91052333,1508.724124,26.98461818,21,1,167.73157,1257.270103,,30
edie,420,450,30,150,250,100,66.95303737,1451.964032,21.68630565,18,1,200.8591121,1209.970027,,30
edie,450,480,30,150,250,100,65.42290657,1011.948022,15.4677937,15,1,196.2687197,843.2900185,,30
edie,480,510,30,150,250,100,41.21532393,1289.702942,31.29183079,15,1,123.6459718,1074.752452,,30
edie,510,540,30,150,250,100,36.28388244,1364.909564,37.617517,15,1,108.8516473,1137.424637,,30
edie,540,570,30,150,250,100,54.6001535,1372.971601,25.14592932,18,1,163.8004605,1144.143001,,30
edie,570,600,30,150,250,100,63.40565719,1014.099672,15.99383583,15,1,190.2169716,845.08306,,30
edie,600,630,30,150,250,100,41.82638057,1352.650912,32.33965965,16,1,125.4791417,1127.209093,,30
edie,630,660,30,150,250,100,69.4768722,1636.33975,23.55229443,20,1,208.4306166,1363.616459,,30
edie,660,690,30,150,250,100,52.30517424,1335.466802,25.5322121,18,1,156.9155227,1112.889002,,30
edie,690,720,30,150,250,100,50.71441521,1507.211522,29.71958793,17,1,152.1432456,1256.009602,,30
edie,720,750,30,150,250,100,74.42524796,1041.065014,13.98806241,18,1,223.2757439,867.554178,,30
edie,750,780,30,150,250,100,68.09927223,1093.837704,16.06239932,17,1,204.2978167,911.53142,,30
edie,780,810,30,150,250,100,68.40589291,1193.940076,17.45376056,15,1,205.2176787,994.950063,,30
edie,810,840,30,150,250,100,49.59354656,1356.753102,27.35745266,16,1,148.7806397,1130.627585,,30
detector,0,30,30,150,250,100,65.88421313,1320,20.03514859,11,1,,,200,30
detector,30,60,30,150,250,100,67.4140075,1560,23.14059137,13,1,,,200,30
detector,60,90,30,150,250,100,66.95045615,1560,23.30081212,13,1,,,200,30
detector,90,120,30,150,250,100,60.61684795,1200,19.7964764,10,1,,,200,30
detector,120,150,30,150,250,100,59.03175334,1440,24.39365119,12,1,,,200,30
detector,150,180,30,150,250,100,53.98744287,1680,31.11834736,14,1,,,200,30
detector,180,210,30,150,250,100,49.04021623,1440,29.3636552,12,1,,,200,30
detector,210,240,30,150,250,100,75.35290021,1080,14.33256049,9,1,,,200,30
detector,240,270,30,150,250,100,55.77299061,1560,27.97052808,13,1,,,200,30
detector,270,300,30,150,250,100,45.94122341,1560,33.95643138,13,1,,,200,30
detector,300,330,30,150,250,100,67.08308373,1440,21.46591838,12,1,,,200,30
detector,330,360,30,150,250,100,55.08055242,1680,30.50078342,14,1,,,200,30
detector,360,390,30,150,250,100,51.92068682,1440,27.73461,12,1,,,200,30
detector,390,420,30,150,250,100,61.56910359,1440,23.38835416,12,1,,,200,30
detector,420,450,30,150,250,100,68.65448156,1440,20.97459579,12,1,,,200,30
detector,450,480,30,150,250,100,66.92959065,1080,16.13636046,9,1,,,200,30
detector,480,510,30,150,250,100,36.75114498,1200,32.65204392,10,1,,,200,30
detector,510,540,30,150,250,100,37.21085598,1440,38.69838417,12,1,,,200,30
detector,540,570,30,150,250,100,70.29823166,1440,20.4841568,12,1,,,200,30
detector,570,600,30,150,250,100,35.75029078,960,26.85292844,8,1,,,200,30
detector,600,630,30,150,250,100,37.49044636,1320,35.20896997,11,1,,,200,30
detector,630,660,30,150,250,100,69.55636639,1680,24.15307307,14,1,,,200,30
detector,660,690,30,150,250,100,45.84958042,1320,28.78979454,11,1,,,200,30
detector,690,720,30,150,250,100,49.08733362,1560,31.78009244,13,1,,,200,30
detector,720,750,30,150,250,100,72.58471059,960,13.22592585,8,1,,,200,30
detector,750,780,30,150,250,100,65.45926585,1080,16.49881015,9,1,,,200,30
detector,780,810,30,150,250,100,73.26894045,1200,16.37801765,10,1,,,200,30
detector,810,840,30,150,250,100,47.4482503,1440,30.34885356,12,1,,,200,30
voronoi,0,30,30,150,250,100,71.15270441,1415.442152,19.89301972,600,1,,,,30
voronoi,30,60,30,150,250,100,62.43573689,1557.384168,24.94379414,600,1,,,,30
voronoi,60,90,30,150,250,100,65.80798783,1538.107215,23.37265225,600,1,,,,30
voronoi,90,120,30,150,250,100,63.68963568,1222.346667,19.19223834,600,1,,,,30
voronoi,120,150,30,150,250,100,55.51138367,1438.27944,25.90963051,600,1,,,,30
voronoi,150,180,30,150,250,100,53.85169583,1649.355198,30.62772997,600,1,,,,30
voronoi,180,210,30,150,250,100,59.32685967,1493.035355,25.16626303,600,1,,,,30
voronoi,210,240,30,150,250,100,67.52717553,1153.050697,17.07535801,600,1,,,,30
voronoi,240,270,30,150,250,100,55.23171248,1496.035783,27.08653626,600,1,,,,30
voronoi,270,300,30,150,250,100,49.85723795,1583.346375,31.75760311,600,1,,,,30
voronoi,300,330,30,150,250,100,64.99018378,1559.930077,24.0025491,600,1,,,,30
voronoi,330,360,30,150,250,100,49.85490979,1573.667455,31.56494438,600,1,,,,30
voronoi,360,390,30,150,250,100,50.06809226,1481.652775,29.59275475,600,1,,,,30
voronoi,390,420,30,150,250,100,55.74957323,1509.06103,27.0685665,600,1,,,,30
voronoi,420,450,30,150,250,100,66.81926792,1449.67554,21.69547176,600,1,,,,30
voronoi,450,480,30,150,250,100,65.27693721,1006.751146,15.42276934,600,1,,,,30
voronoi,480,510,30,150,250,100,41.4471211,1293.014271,31.19672094,600,1,,,,30
voronoi,510,540,30,150,250,100,36.23274992,1364.663733,37.66381895,600,1,,,,30
voronoi,540,570,30,150,250,100,55.2801194,1371.410288,24.80838144,600,1,,,,30
voronoi,570,600,30,150,250,100,64.19342192,1022.012758,15.92083312,600,1,,,,30
voronoi,600,630,30,150,250,100,42.08234058,1356.715257,32.23953893,600,1,,,,30
voronoi,630,660,30,150,250,100,68.95013517,1627.971825,23.61085762,600,1,,,,30
voronoi,660,690,30,150,250,100,52.29304427,1336.281576,25.55371551,600,1,,,,30
voronoi,690,720,30,150,250,100,49.97174602,1491.56066,29.84807974,600,1,,,,30
voronoi,720,750,30,150,250,100,74.55862932,1041.38625,13.96734703,600,1,,,,30
voronoi,750,780,30,150,250,100,67.90601716,1095.700234,16.13553968,600,1,,,,30
voronoi,780,810,30,150,250,100,67.74195428,1183.74893,17.47438412,600,1,,,,30
voronoi,810,840,30,150,250,100,49.45094399,1351.001944,27.32004355,600,1,,,,30
kernel,0,30,30,150,250,100,71.20078198,1431.956527,20.11152809,600,1,,,,30
kernel,30,60,30,150,250,100,62.55096249,1560.109484,24.94141453,600,1,,,,30
kernel,60,90,30,150,250,100,65.87158886,1542.590056,23.41813948,600,1,,,,30
kernel,90,120,30,150,250,100,63.69953792,1222.942559,19.19860958,600,1,,,,30
kernel,120,150,30,150,250,100,55.55540252,1442.511279,25.96527454,600,1,,,,30
kernel,150,180,30,150,250,100,54.08383108,1657.799113,30.65239796,600,1,,,,30
kernel,180,210,30,150,250,100,59.10049177,1488.723061,25.1896899,600,1,,,,30
kernel,210,240,30,150,250,100,67.54638464,1158.886379,17.15689722,600,1,,,,30
kernel,240,270,30,150,250,100,55.24648353,1497.79486,27.11113476,600,1,,,,30
kernel,270,300,30,150,250,100,49.76610968,1578.674576,31.72188034,600,1,,,,30
kernel,300,330,30,150,250,100,65.12535218,1566.749441,24.0574429,600,1,,,,30
kernel,330,360,30,150,250,100,49.93461944,1576.826867,31.57782886,600,1,,,,30
kernel,360,390,30,150,250,100,49.86413018,1472.268881,29.52561041,600,1,,,,30
kernel,390,420,30,150,250,100,55.95812496,1515.421579,27.08135022,600,1,,,,30
kernel,420,450,30,150,250,100,66.89503092,1450.905772,21.6892907,600,1,,,,30
kernel,450,480,30,150,250,100,65.24315963,1007.470253,15.44177595,600,1,,,,30
kernel,480,510,30,150,250,100,41.35591348,1293.165999,31.26919199,600,1,,,,30
kernel,510,540,30,150,250,100,36.22472268,1362.572705,37.61444131,600,1,,,,30
kernel,540,570,30,150,250,100,55.40490693,1371.796696,24.75948019,600,1,,,,30
kernel,570,600,30,150,250,100,63.86849282,1018.424199,15.94564321,600,1,,,,30
kernel,600,630,30,150,250,100,41.98088205,1349.284747,32.1404573,600,1,,,,30
kernel,630,660,30,150,250,100,68.91947682,1635.801167,23.73496205,600,1,,,,30
kernel,660,690,30,150,250,100,52.29043279,1332.646003,25.48546515,600,1,,,,30
kernel,690,720,30,150,250,100,50.39185385,1498.847935,29.74385384,600,1,,,,30
kernel,720,750,30,150,250,100,74.50930839,1046.500497,14.04523166,600,1,,,,30
kernel,750,780,30,150,250,100,67.79965205,1094.005297,16.13585415,600,1,,,,30
kernel,780,810,30,150,250,100,67.97019989,1190.147507,17.50984267,600,1,,,,30
kernel,810,840,30,150,250,100,49.53894196,1352.507168,27.30189856,600,1,,,,30
edie,0,60,60,150,250,100,67.39609751,1497.75563,22.22318035,34,1,404.376585,2496.259383,,60
edie,60,120,60,150,250,100,64.81428193,1380.744934,21.30309698,30,1,388.8856916,2301.241556,,60
edie,120,180,60,150,250,100,55.00846656,1549.523821,28.16882414,31,1,330.0507994,2582.539701,,60
edie,180,240,60,150,250,100,63.42227601,1322.118089,20.84627315,29,1,380.5336561,2203.530149,,60
edie,240,300,60,150,250,100,52.42755501,1537.733492,29.33063524,33,1,314.5653301,2562.889154,,60
edie,300,360,60,150,250,100,57.57388296,1573.769489,27.33478112,32,1,345.4432977,2622.949148,,60
edie,360,420,60,150,250,100,52.69569461,1491.826712,28.31022008,33,1,316.1741677,2486.377853,,60
edie,420,480,60,150,250,100,66.18797197,1231.956027,18.6129895,27,1,397.1278318,2053.260045,,60
edie,480,540,60,150,250,100,38.74960319,1327.306253,34.25341537,27,1,232.4976191,2212.177089,,60
edie,540,600,60,150,250,100,59.00290534,1193.535636,20.22842145,25,1,354.0174321,1989.226061,,60
edie,600,660,60,150,250,100,55.65162638,1494.495331,26.85447719,31,1,333.9097583,2490.825552,,60
edie,660,720,60,150,250,100,51.50979473,1421.339162,27.5935707,30,1,309.0587684,2368.898604,,60
edie,720,780,60,150,250,100,71.26226009,1067.451359,14.97919596,25,1,427.5735606,1779.085598,,60
edie,780,840,60,150,250,100,58.99971973,1275.346589,21.61614656,26,1,353.9983184,2125.577648,,60
detector,0,60,60,150,250,100,66.64911031,1440,21.60568976,24,1,,,200,60
detector,60,120,60,150,250,100,63.78365205,1380,21.63563791,23,1,,,200,60
detector,120,180,60,150,250,100,56.5095981,1560,27.60592983,26,1,,,200,60
detector,180,240,60,150,250,100,62.19655822,1260,20.2583557,21,1,,,200,60
detector,240,300,60,150,250,100,50.85710701,1560,30.67417892,26,1,,,200,60
detector,300,360,60,150,250,100,61.08181807,1560,25.53951486,26,1,,,200,60
detector,360,420,60,150,250,100,56.7448952,1440,25.37673204,24,1,,,200,60
detector,420,480,60,150,250,100,67.7920361,1260,18.58625397,21,1,,,200,60
detector,480,540,60,150,250,100,36.98100048,1320,35.69400457,22,1,,,200,60
detector,540,600,60,150,250,100,53.02426122,1200,22.63114983,20,1,,,200,60
detector,600,660,60,150,250,100,53.52340638,1500,28.02512212,25,1,,,200,60
detector,660,720,60,150,250,100,47.46845702,1440,30.33593444,24,1,,,200,60
detector,720,780,60,150,250,100,69.02198822,1020,14.77789942,17,1,,,200,60
detector,780,840,60,150,250,100,60.35859537,1320,21.86929619,22,1,,,200,60
voronoi,0,60,60,150,250,100,66.79422065,1486.41316,22.25361933,1200,1,,,,60
voronoi,60,120,60,150,250,100,64.74881176,1380.226941,21.31663738,1200,1,,,,60
voronoi,120,180,60,150,250,100,54.68153975,1543.817319,28.23287944,1200,1,,,,60
voronoi,180,240,60,150,250,100,63.4270176,1323.043026,20.85929745,1200,1,,,,60
voronoi,240,300,60,150,250,100,52.54447521,1539.691079,29.30262549,1200,1,,,,60
voronoi,300,360,60,150,250,100,57.42254679,1566.798766,27.285428,1200,1,,,,60
voronoi,360,420,60,150,250,100,52.90883275,1495.356903,28.26289723,1200,1,,,,60
voronoi,420,480,60,150,250,100,66.04810257,1228.213343,18.59574,1200,1,,,,60
voronoi,480,540,60,150,250,100,38.83993551,1328.839002,34.21321339,1200,1,,,,60
voronoi,540,600,60,150,250,100,59.73677066,1196.711523,20.03308029,1200,1,,,,60
voronoi,600,660,60,150,250,100,55.51623788,1492.343541,26.88120806,1200,1,,,,60
voronoi,660,720,60,150,250,100,51.13239515,1413.921118,27.65215895,1200,1,,,,60
voronoi,720,780,60,150,250,100,71.23232324,1068.543242,15.00081976,1200,1,,,,60
voronoi,780,840,60,150,250,100,58.59644913,1267.375437,21.62887779,1200,1,,,,60
kernel,0,60,60,150,250,100,66.87587223,1496.033006,22.37029523,1200,1,,,,60
kernel,60,120,60,150,250,100,64.78556339,1382.766307,21.34374134,1200,1,,,,60
kernel,120,180,60,150,250,100,54.8196168,1550.155196,28.2773811,1200,1,,,,60
kernel,180,240,60,150,250,100,63.32343821,1323.80472,20.90544603,1200,1,,,,60
kernel,240,300,60,150,250,100,52.50629661,1538.234718,29.29619526,1200,1,,,,60
kernel,300,360,60,150,250,100,57.52998581,1571.788154,27.32119836,1200,1,,,,60
kernel,360,420,60,150,250,100,52.91112757,1493.84523,28.23310141,1200,1,,,,60
kernel,420,480,60,150,250,100,66.06909527,1229.188012,18.60458369,1200,1,,,,60
kernel,480,540,60,150,250,100,38.79031808,1327.869352,34.23197895,1200,1,,,,60
kernel,540,600,60,150,250,100,59.63669988,1195.110447,20.03984878,1200,1,,,,60
kernel,600,660,60,150,250,100,55.45017943,1492.542957,26.91682826,1200,1,,,,60
kernel,660,720,60,150,250,100,51.34114332,1415.746969,27.57529103,1200,1,,,,60
kernel,720,780,60,150,250,100,71.15448022,1070.252897,15.04125803,1200,1,,,,60
kernel,780,840,60,150,250,100,58.75457093,1271.327337,21.63793076,1200,1,,,,60
