method,start_s,end_s,duration_s,x_min_m,x_max_m,length_m,k_veh_km,q_veh_h,v_km_h,samples,coverage,halfwidth_m
kernel,0,30,30,150,250,100,72.01026784,1432.655759,19.89515942,600,1,10
kernel,30,60,30,150,250,100,62.67923832,1563.130642,24.93857112,600,1,10
kernel,60,90,30,150,250,100,66.05146598,1541.628322,23.33980478,600,1,10
kernel,90,120,30,150,250,100,63.60293558,1220.399057,19.18777877,600,1,10
kernel,120,150,30,150,250,100,55.5226661,1436.316062,25.86900383,600,1,10
kernel,150,180,30,150,250,100,54.46852432,1664.026493,30.55024004,600,1,10
kernel,180,210,30,150,250,100,58.96863364,1487.270716,25.22138677,600,1,10
kernel,210,240,30,150,250,100,67.87554032,1157.517851,17.05353424,600,1,10
kernel,240,270,30,150,250,100,55.20475245,1496.057191,27.10015215,600,1,10
kernel,270,300,30,150,250,100,49.68932788,1579.538608,31.78828685,600,1,10
kernel,300,330,30,150,250,100,65.38541726,1570.909645,24.02538228,600,1,10
kernel,330,360,30,150,250,100,49.89711004,1576.07644,31.58652752,600,1,10
kernel,360,390,30,150,250,100,49.58820204,1474.708278,29.73909553,600,1,10
kernel,390,420,30,150,250,100,55.89314122,1509.057078,26.99896705,600,1,10
kernel,420,450,30,150,250,100,66.97929584,1452.515064,21.68603066,600,1,10
kernel,450,480,30,150,250,100,65.52556913,1011.054033,15.42991609,600,1,10
kernel,480,510,30,150,250,100,41.25652897,1290.430274,31.2782075,600,1,10
kernel,510,540,30,150,250,100,36.24732028,1364.069301,37.63227987,600,1,10
kernel,540,570,30,150,250,100,55.27729529,1373.50029,24.84745831,600,1,10
kernel,570,600,30,150,250,100,63.97673172,1014.682289,15.860177,600,1,10
kernel,600,630,30,150,250,100,41.85840006,1351.872191,32.2963178,600,1,10
kernel,630,660,30,150,250,100,69.315614,1635.933379,23.60122467,600,1,10
kernel,660,690,30,150,250,100,52.26447443,1334.617909,25.53585247,600,1,10
kernel,690,720,30,150,250,100,50.56767983,1504.074892,29.74379874,600,1,10
kernel,720,750,30,150,250,100,74.68810272,1043.531371,13.97185539,600,1,10
kernel,750,780,30,150,250,100,67.85784592,1092.68968,16.10262845,600,1,10
kernel,780,810,30,150,250,100,68.31065478,1193.153976,17.46658672,600,1,10
kernel,810,840,30,150,250,100,49.54864348,1355.01143,27.34709439,600,1,10
kernel,0,30,30,150,250,100,71.20078198,1431.956527,20.11152809,600,1,25
kernel,30,60,30,150,250,100,62.55096249,1560.109484,24.94141453,600,1,25
kernel,60,90,30,150,250,100,65.87158886,1542.590056,23.41813948,600,1,25
kernel,90,120,30,150,250,100,63.69953792,1222.942559,19.19860958,600,1,25
kernel,120,150,30,150,250,100,55.55540252,1442.511279,25.96527454,600,1,25
kernel,150,180,30,150,250,100,54.08383108,1657.799113,30.65239796,600,1,25
kernel,180,210,30,150,250,100,59.10049177,1488.723061,25.1896899,600,1,25
kernel,210,240,30,150,250,100,67.54638464,1158.886379,17.15689722,600,1,25
kernel,240,270,30,150,250,100,55.24648353,1497.79486,27.11113476,600,1,25
kernel,270,300,30,150,250,100,49.76610968,1578.674576,31.72188034,600,1,25
kernel,300,330,30,150,250,100,65.12535218,1566.749441,24.0574429,600,1,25
kernel,330,360,30,150,250,100,49.93461944,1576.826867,31.57782886,600,1,25
kernel,360,390,30,150,250,100,49.86413018,1472.268881,29.52561041,600,1,25
kernel,390,420,30,150,250,100,55.95812496,1515.421579,27.08135022,600,1,25
kernel,420,450,30,150,250,100,66.89503092,1450.905772,21.6892907,600,1,25
kernel,450,480,30,150,250,100,65.24315963,1007.470253,15.44177595,600,1,25
kernel,480,510,30,150,250,100,41.35591348,1293.165999,31.26919199,600,1,25
kernel,510,540,30,150,250,100,36.22472268,1362.572705,37.61444131,600,1,25
kernel,540,570,30,150,250,100,55.40490693,1371.796696,24.75948019,600,1,25
kernel,570,600,30,150,250,100,63.86849282,1018.424199,15.94564321,600,1,25
kernel,600,630,30,150,250,100,41.98088205,1349.284747,32.1404573,600,1,25
kernel,630,660,30,150,250,100,68.91947682,1635.801167,23.73496205,600,1,25
kernel,660,690,30,150,250,100,52.29043279,1332.646003,25.48546515,600,1,25
kernel,690,720,30,150,250,100,50.39185385,1498.847935,29.74385384,600,1,25
kernel,720,750,30,150,250,100,74.50930839,1046.500497,14.04523166,600,1,25
kernel,750,780,30,150,250,100,67.79965205,1094.005297,16.13585415,600,1,25
kernel,780,810,30,150,250,100,67.97019989,1190.147507,17.50984267,600,1,25
kernel,810,840,30,150,250,100,49.53894196,1352.507168,27.30189856,600,1,25
kernel,0,30,30,150,250,100,69.51051299,1434.985209,20.64414644,600,1,50
kernel,30,60,30,150,250,100,61.94118601,1548.509132,24.99966875,600,1,50
kernel,60,90,30,150,250,100,65.18217433,1540.465112,23.63322684,600,1,50
kernel,90,120,30,150,250,100,64.0750361,1232.375935,19.23332408,600,1,50
kernel,120,150,30,150,250,100,55.22144192,1451.044094,26.2768237,600,1,50
kernel,150,180,30,150,250,100,53.41493308,1645.83422,30.81224903,600,1,50
kernel,180,210,30,150,250,100,59.52980391,1485.940712,24.96129021,600,1,50
kernel,210,240,30,150,250,100,66.89210725,1166.761798,17.44244345,600,1,50
kernel,240,270,30,150,250,100,55.38442845,1497.66998,27.0413548,600,1,50
kernel,270,300,30,150,250,100,50.3019441,1579.672752,31.40381114,600,1,50
kernel,300,330,30,150,250,100,64.50707695,1557.451379,24.14388394,600,1,50
kernel,330,360,30,150,250,100,49.94574182,1576.773018,31.56971867,600,1,50
kernel,360,390,30,150,250,100,50.53997861,1465.406809,28.99500255,600,1,50
kernel,390,420,30,150,250,100,56.35515242,1532.950219,27.20159832,600,1,50
kernel,420,450,30,150,250,100,66.70161568,1441.354968,21.60899633,600,1,50
kernel,450,480,30,150,250,100,65.0075229,1006.462732,15.48225016,600,1,50
kernel,480,510,30,150,250,100,41.56520797,1293.934599,31.13023277,600,1,50
kernel,510,540,30,150,250,100,36.38723207,1365.098264,37.51585891,600,1,50
kernel,540,570,30,150,250,100,55.44018679,1364.021143,24.60347307,600,1,50
kernel,570,600,30,150,250,100,64.60613867,1027.446786,15.9032378,600,1,50
kernel,600,630,30,150,250,100,42.66931803,1343.590837,31.48845351,600,1,50
kernel,630,660,30,150,250,100,68.07638524,1634.403429,24.00837564,600,1,50
kernel,660,690,30,150,250,100,52.86158907,1332.708933,25.21129154,600,1,50
kernel,690,720,30,150,250,100,50.50480674,1487.95281,29.46160784,600,1,50
kernel,720,750,30,150,250,100,73.66481224,1052.018225,14.28114988,600,1,50
kernel,750,780,30,150,250,100,68.16569588,1098.252768,16.11151699,600,1,50
kernel,780,810,30,150,250,100,67.3660589,1185.218664,17.59370644,600,1,50
kernel,810,840,30,150,250,100,49.87485594,1353.840482,27.14474973,600,1,50
