method,start_s,end_s,duration_s,x_min_m,x_max_m,length_m,k_veh_km,q_veh_h,v_km_h,samples,coverage,vehicle_seconds,vehicle_metres,offset_s,window_s
edie,0,10,10,150,250,100,71.58685388,1355.586077,18.93624323,11,1,71.58685388,376.551688,0,10
edie,10,20,10,150,250,100,72.37576568,1421.132782,19.63547837,12,1,72.37576568,394.759106,0,10
edie,20,30,10,150,250,100,72.43483443,1520.807882,20.99553197,12,1,72.43483443,422.446634,0,10
edie,30,40,10,150,250,100,55.24334725,1218.435682,22.05579028,9,1,55.24334725,338.454356,0,10
edie,40,50,10,150,250,100,57.83425661,1569.886394,27.14457635,10,1,57.83425661,436.079554,0,10
edie,50,60,10,150,250,100,74.90152719,1900.684962,25.37578382,12,1,74.90152719,527.968045,0,10
edie,60,70,10,150,250,100,65.77386352,1632.159724,24.8147157,11,1,65.77386352,453.377701,0,10
edie,70,80,10,150,250,100,66.00178483,1592.507959,24.12825597,11,1,66.00178483,442.363322,0,10
edie,80,90,10,150,250,100,66.62294272,1403.700444,21.06932517,10,1,66.62294272,389.91679,0,10
edie,90,100,10,150,250,100,55.8913965,1085.634173,19.4239944,11,1,55.8913965,301.565048,0,10
edie,100,110,10,150,250,100,64.25068348,1187.741772,18.48605661,9,1,64.25068348,329.92827,0,10
edie,110,120,10,150,250,100,70.34502051,1382.72553,19.65633843,11,1,70.34502051,384.090425,0,10
edie,120,130,10,150,250,100,64.28638132,1468.692468,22.84609023,9,1,64.28638132,407.97013,0,10
edie,130,140,10,150,250,100,56.06740333,1509.845663,26.92911698,10,1,56.06740333,419.401573,0,10
edie,140,150,10,150,250,100,46.0680336,1323.886698,28.73764288,9,1,46.0680336,367.746305,0,10
edie,150,160,10,150,250,100,53.57497146,1629.135245,30.40851353,10,1,53.57497146,452.537568,0,10
edie,160,170,10,150,250,100,55.32791364,1647.824515,29.78287824,9,1,55.32791364,457.729032,0,10
edie,170,180,10,150,250,100,54.72609601,1717.758335,31.38828567,10,1,54.72609601,477.155093,0,10
edie,180,190,10,150,250,100,55.31491865,1711.45152,30.94014349,11,1,55.31491865,475.4032,0,10
edie,190,200,10,150,250,100,49.49032585,1454.198465,29.3834894,9,1,49.49032585,403.944018,0,10
edie,200,210,10,150,250,100,71.82405519,1293.728072,18.01246211,11,1,71.82405519,359.368909,0,10
edie,210,220,10,150,250,100,84.44918943,946.9468548,11.21321426,12,1,84.44918943,263.040793,0,10
edie,220,230,10,150,250,100,66.5235003,1212.200197,18.22213491,10,1,66.5235003,336.722277,0,10
edie,230,240,10,150,250,100,52.93166665,1314.183427,24.82792458,9,1,52.93166665,365.050952,0,10
edie,240,250,10,150,250,100,55.67008398,1391.763107,25.00019772,9,1,55.67008398,386.600863,0,10
edie,250,260,10,150,250,100,53.97943353,1461.362807,27.07258508,11,1,53.97943353,405.934113,0,10
edie,260,270,10,150,250,100,55.96336145,1634.565506,29.20777923,11,1,55.96336145,454.045974,0,10
edie,270,280,10,150,250,100,54.0689562,1709.605897,31.61899207,10,1,54.0689562,474.890527,0,10
edie,280,290,10,150,250,100,40.57989617,1362.33436,33.57165711,9,1,40.57989617,378.426211,0,10
edie,290,300,10,150,250,100,54.30359873,1666.769278,30.69353259,11,1,54.30359873,462.991466,0,10
edie,300,310,10,150,250,100,70.65901567,1721.423257,24.36240076,12,1,70.65901567,478.173127,0,10
edie,310,320,10,150,250,100,69.89720849,1458.580644,20.86750924,12,1,69.89720849,405.16129,0,10
edie,320,330,10,150,250,100,55.4826417,1530.696229,27.58874095,9,1,55.4826417,425.193397,0,10
edie,330,340,10,150,250,100,46.3779325,1468.275862,31.65893308,9,1,46.3779325,407.854406,0,10
edie,340,350,10,150,250,100,55.49534502,1765.054854,31.8054578,9,1,55.49534502,490.293015,0,10
edie,350,360,10,150,250,100,47.53115437,1498.586087,31.52850181,9,1,47.53115437,416.273913,0,10
edie,360,370,10,150,250,100,41.62794507,1336.930092,32.11616835,9,1,41.62794507,371.36947,0,10
edie,370,380,10,150,250,100,42.73488266,1380.665203,32.30768677,9,1,42.73488266,383.518112,0,10
edie,380,390,10,150,250,100,64.07976996,1707.192603,26.64167809,10,1,64.07976996,474.2201675,0,10
edie,390,400,10,150,250,100,51.47409982,1297.614098,25.2090683,11,1,51.47409982,360.4483605,0,10
edie,400,410,10,150,250,100,54.97248917,1557.939182,28.34034271,9,1,54.97248917,432.760884,0,10
edie,410,420,10,150,250,100,61.28498102,1670.619092,27.25984515,11,1,61.28498102,464.060859,0,10
edie,420,430,10,150,250,100,70.93168196,1696.945086,23.92365497,11,1,70.93168196,471.373635,0,10
edie,430,440,10,150,250,100,65.7566731,1497.184128,22.76855044,11,1,65.7566731,415.88448,0,10
edie,440,450,10,150,250,100,64.17075704,1161.762883,18.10424151,9,1,64.17075704,322.711912,0,10
edie,450,460,10,150,250,100,73.6151191,992.5758738,13.48331547,10,1,73.6151191,275.7155205,0,10
edie,460,470,10,150,250,100,67.24679702,913.8072798,13.58885955,10,1,67.24679702,253.8353555,0,10
edie,470,480,10,150,250,100,55.40680361,1129.460913,20.38487766,9,1,55.40680361,313.7391425,0,10
edie,480,490,10,150,250,100,45.32180941,1190.156526,26.26012821,9,1,45.32180941,330.599035,0,10
edie,490,500,10,150,250,100,39.59717978,1319.613512,33.32594694,8,1,39.59717978,366.559309,0,10
edie,500,510,10,150,250,100,38.7269826,1359.338789,35.10056032,7,1,38.7269826,377.594108,0,10
edie,510,520,10,150,250,100,32.6682372,1210.346147,37.0496314,7,1,32.6682372,336.207263,0,10
edie,520,530,10,150,250,100,39.82850719,1441.916953,36.20313828,8,1,39.82850719,400.532487,0,10
edie,530,540,10,150,250,100,36.35490293,1442.465593,39.6773331,8,1,36.35490293,400.684887,0,10
edie,540,550,10,150,250,100,37.97425872,1546.858825,40.73440476,9,1,37.97425872,429.683007,0,10
edie,550,560,10,150,250,100,52.41504744,1651.669027,31.51135233,10,1,52.41504744,458.796952,0,10
edie,560,570,10,150,250,100,73.41115435,920.3869494,12.53742647,10,1,73.41115435,255.6630415,0,10
edie,570,580,10,150,250,100,83.89113542,658.4154048,7.848450274,11,1,83.89113542,182.893168,0,10
edie,580,590,10,150,250,100,60.19752729,1001.042136,16.62928996,9,1,60.19752729,278.06726,0,10
edie,590,600,10,150,250,100,46.12830884,1382.841475,29.97815246,8,1,46.12830884,384.122632,0,10
edie,600,610,10,150,250,100,42.90604421,1395.098114,32.51518848,8,1,42.90604421,387.527254,0,10
edie,610,620,10,150,250,100,43.07091492,1359.753196,31.57010243,8,1,43.07091492,377.709221,0,10
edie,620,630,10,150,250,100,39.50218258,1303.101427,32.98808677,9,1,39.50218258,361.9726185,0,10
edie,630,640,10,150,250,100,57.75203518,1806.078577,31.27298581,11,1,57.75203518,501.6884935,0,10
edie,640,650,10,150,250,100,70.83893907,1726.801034,24.3764384,12,1,70.83893907,479.666954,0,10
edie,650,660,10,150,250,100,79.83964235,1376.13964,17.23629514,12,1,79.83964235,382.261011,0,10
edie,660,670,10,150,250,100,58.89433423,1316.697667,22.35694969,10,1,58.89433423,365.749352,0,10
edie,670,680,10,150,250,100,50.2530222,1327.151117,26.40937915,8,1,50.2530222,368.653088,0,10
edie,680,690,10,150,250,100,47.76816629,1362.551623,28.52426059,9,1,47.76816629,378.486562,0,10
edie,690,700,10,150,250,100,53.4436993,1548.431233,28.97312973,9,1,53.4436993,430.119787,0,10
edie,700,710,10,150,250,100,46.44652785,1402.328653,30.19232477,8,1,46.44652785,389.535737,0,10
edie,710,720,10,150,250,100,52.25301848,1570.874681,30.06285046,9,1,52.25301848,436.354078,0,10
edie,720,730,10,150,250,100,62.81438814,1325.163928,21.096503,10,1,62.81438814,368.101091,0,10
edie,730,740,10,150,250,100,70.90907966,907.4648088,12.79758267,10,1,70.90907966,252.073558,0,10
edie,740,750,10,150,250,100,89.55227608,890.5663044,9.944652927,13,1,89.55227608,247.379529,0,10
edie,750,760,10,150,250,100,82.90504878,989.6146704,11.93672382,11,1,82.90504878,274.892964,0,10
edie,760,770,10,150,250,100,67.78276834,1264.617364,18.65691524,11,1,67.78276834,351.282601,0,10
edie,770,780,10,150,250,100,53.60999957,1027.281078,19.16211689,9,1,53.60999957,285.355855,0,10
edie,780,790,10,150,250,100,71.65978233,1197.61731,16.71254462,10,1,71.65978233,332.671475,0,10
edie,790,800,10,150,250,100,75.41453621,1224.855886,16.24164183,11,1,75.41453621,340.237746,0,10
edie,800,810,10,150,250,100,58.1433602,1159.347031,19.93945701,9,1,58.1433602,322.040842,0,10
edie,810,820,10,150,250,100,53.51601212,1221.455038,22.82410421,9,1,53.51601212,339.293066,0,10
edie,820,830,10,150,250,100,49.76129167,1370.491564,27.54131811,9,1,49.76129167,380.692101,0,10
edie,830,840,10,150,250,100,45.50333588,1478.312705,32.48800723,9,1,45.50333588,410.642418,0,10
edie,5,15,10,150,250,100,70.32902208,1362.614173,19.37484886,11,1,70.32902208,378.503937,5,10
edie,15,25,10,150,250,100,76.35603501,1568.036196,20.5358515,12,1,76.35603501,435.56561,5,10
edie,25,35,10,150,250,100,61.34837337,1323.47777,21.57315178,11,1,61.34837337,367.632714,5,10
edie,35,45,10,150,250,100,53.47039528,1282.523548,23.98567545,10,1,53.47039528,356.256541,5,10
edie,45,55,10,150,250,100,69.00118044,1845.538492,26.74647709,11,1,69.00118044,512.649581,5,10
edie,55,65,10,150,250,100,70.85405606,1744.541165,24.62161324,12,1,70.85405606,484.594768,5,10
edie,65,75,10,150,250,100,62.77311166,1591.567952,25.35429438,11,1,62.77311166,442.102209,5,10
edie,75,85,10,150,250,100,70.1068467,1595.02513,22.75134605,10,1,70.1068467,443.062536,5,10
edie,85,95,10,150,250,100,60.53701968,1194.582964,19.73309836,9,1,60.53701968,331.828601,5,10
edie,95,105,10,150,250,100,60.63818042,1150.68582,18.97625905,9,1,60.63818042,319.63495,5,10
edie,105,115,10,150,250,100,66.98702376,1256.312401,18.75456365,10,1,66.98702376,348.975667,5,10
edie,115,125,10,150,250,100,66.17296366,1398.252798,21.13027316,11,1,66.17296366,388.403555,5,10
edie,125,135,10,150,250,100,61.31081381,1533.023568,25.00413015,11,1,61.31081381,425.83988,5,10
edie,135,145,10,150,250,100,51.16294634,1421.807054,27.78978061,9,1,51.16294634,394.946404,5,10
edie,145,155,10,150,250,100,48.08646745,1418.866348,29.5065623,9,1,48.08646745,394.129541,5,10
edie,155,165,10,150,250,100,58.62009921,1757.925443,29.98844196,10,1,58.62009921,488.312623,5,10
edie,165,175,10,150,250,100,51.73780514,1616.91737,31.25214466,10,1,51.73780514,449.143714,5,10
edie,175,185,10,150,250,100,56.95442181,1759.232675,30.88843006,10,1,56.95442181,488.675743,5,10
edie,185,195,10,150,250,100,49.10244399,1509.147428,30.73467033,10,1,49.10244399,419.207619,5,10
edie,195,205,10,150,250,100,59.61833957,1455.306181,24.41037761,10,1,59.61833957,404.251717,5,10
edie,205,215,10,150,250,100,80.7543001,1049.743534,12.99922769,11,1,80.7543001,291.595426,5,10
edie,215,225,10,150,250,100,79.44559669,1080.602773,13.60179567,11,1,79.44559669,300.167437,5,10
edie,225,235,10,150,250,100,57.01420226,1292.923588,22.67721965,9,1,57.01420226,359.145441,5,10
edie,235,245,10,150,250,100,54.96930748,1381.555091,25.13320895,9,1,54.96930748,383.765303,5,10
edie,245,255,10,150,250,100,53.07245649,1356.747372,25.5640583,10,1,53.07245649,376.87427,5,10
edie,255,265,10,150,250,100,54.40265513,1547.875825,28.45221105,10,1,54.40265513,429.965507,5,10
edie,265,275,10,150,250,100,58.34809357,1765.511503,30.25825516,10,1,58.34809357,490.419862,5,10
edie,275,285,10,150,250,100,44.92530617,1471.295952,32.74982582,9,1,44.92530617,408.69332,5,10
edie,285,295,10,150,250,100,44.48895775,1460.523571,32.82890059,10,1,44.48895775,405.700992,5,10
edie,295,305,10,150,250,100,64.88555825,1794.061688,27.64963016,12,1,64.88555825,498.350469,5,10
edie,305,315,10,150,250,100,71.62643769,1545.457964,21.57664145,12,1,71.62643769,429.293879,5,10
edie,315,325,10,150,250,100,65.04455853,1492.041899,22.93876586,10,1,65.04455853,414.456083,5,10
edie,325,335,10,150,250,100,46.40948916,1456.666988,31.38726616,10,1,46.40948916,404.629719,5,10
edie,335,345,10,150,250,100,54.03047133,1735.392755,32.11877876,10,1,54.03047133,482.053543,5,10
edie,345,355,10,150,250,100,48.99750032,1538.184078,31.39311328,10,1,48.99750032,427.273355,5,10
edie,355,365,10,150,250,100,47.92540019,1498.50599,31.26746953,9,1,47.92540019,416.251664,5,10
edie,365,375,10,150,250,100,36.23581171,1226.046431,33.83521365,9,1,36.23581171,340.568453,5,10
edie,375,385,10,150,250,100,54.82701374,1632.951225,29.7836981,9,1,54.82701374,453.5975625,5,10
edie,385,395,10,150,250,100,61.94068392,1472.043928,23.7653806,9,1,61.94068392,408.901091,5,10
edie,395,405,10,150,250,100,51.58824137,1453.633364,28.17761035,11,1,51.58824137,403.7870455,5,10
edie,405,415,10,150,250,100,54.89508788,1576.51398,28.71867121,10,1,54.89508788,437.92055,5,10
edie,415,425,10,150,250,100,69.82092623,1753.804051,25.11860191,11,1,69.82092623,487.167792,5,10
edie,425,435,10,150,250,100,66.88998387,1542.178919,23.05545359,11,1,66.88998387,428.383033,5,10
edie,435,445,10,150,250,100,63.73831757,1366.05744,21.43227955,11,1,63.73831757,379.4604,5,10
edie,445,455,10,150,250,100,68.35013418,1062.935077,15.55132392,11,1,68.35013418,295.2597435,5,10
edie,455,465,10,150,250,100,74.51548731,932.2739856,12.51114391,10,1,74.51548731,258.964996,5,10
edie,465,475,10,150,250,100,59.7485605,1003.1096,16.78884966,9,1,59.7485605,278.6415555,5,10
edie,475,485,10,150,250,100,50.06441166,1159.138006,23.15293375,8,1,50.06441166,321.9827795,5,10
edie,485,495,10,150,250,100,41.42827561,1252.849374,30.24140772,8,1,41.42827561,348.013715,5,10
edie,495,505,10,150,250,100,40.5529026,1357.013279,33.46279038,8,1,40.5529026,376.948133,5,10
edie,505,515,10,150,250,100,36.10022472,1336.023004,37.00871709,8,1,36.10022472,371.117501,5,10
edie,515,525,10,150,250,100,34.03606025,1225.56326,36.00778855,7,1,34.03606025,340.434239,5,10
edie,525,535,10,150,250,100,41.60862569,1572.666905,37.79665583,8,1,41.60862569,436.851918,5,10
edie,535,545,10,150,250,100,32.27543116,1310.612875,40.60713763,8,1,32.27543116,364.059132,5,10
edie,545,555,10,150,250,100,46.30037597,1810.560974,39.10467111,9,1,46.30037597,502.933604,5,10
edie,555,565,10,150,250,100,61.01615107,1251.953629,20.5183973,10,1,61.01615107,347.764897,5,10
edie,565,575,10,150,250,100,81.0734148,694.5121458,8.566459763,12,1,81.0734148,192.9200405,5,10
edie,575,585,10,150,250,100,77.12602425,782.8713432,10.15054712,9,1,77.12602425,217.464262,5,10
edie,585,595,10,150,250,100,50.22758484,1286.822696,25.61984018,8,1,50.22758484,357.450749,5,10
edie,595,605,10,150,250,100,44.00969179,1381.823197,31.39815666,8,1,44.00969179,383.839777,5,10
edie,605,615,10,150,250,100,42.07116931,1361.528597,32.36250903,8,1,42.07116931,378.202388,5,10
edie,615,625,10,150,250,100,42.38975515,1365.527455,32.21361979,8,1,42.38975515,379.313182,5,10
edie,625,635,10,150,250,100,44.97933576,1469.919042,32.67987438,10,1,44.97933576,408.310845,5,10
edie,635,645,10,150,250,100,67.26075396,1915.844476,28.48383883,12,1,67.26075396,532.179021,5,10
edie,645,655,10,150,250,100,75.95050401,1500.933175,19.76199098,12,1,75.95050401,416.925882,5,10
edie,655,665,10,150,250,100,71.64253791,1328.749852,18.54693999,10,1,71.64253791,369.097181,5,10
edie,665,675,10,150,250,100,51.10824988,1289.981772,25.24018676,10,1,51.10824988,358.32827,5,10
edie,675,685,10,150,250,100,47.94703476,1296.347476,27.03707293,9,1,47.94703476,360.096521,5,10
edie,685,695,10,150,250,100,51.56279235,1506.930916,29.22516114,9,1,51.56279235,418.591921,5,10
edie,695,705,10,150,250,100,53.44862748,1553.303718,29.06162031,9,1,53.44862748,431.473255,5,10
edie,705,715,10,150,250,100,43.63411418,1358.00888,31.12264121,9,1,43.63411418,377.224689,5,10
edie,715,725,10,150,250,100,58.01897195,1557.00612,26.83615493,9,1,58.01897195,432.5017,5,10
edie,725,735,10,150,250,100,67.34544832,1085.837544,16.12339915,9,1,67.34544832,301.62154,5,10
edie,735,745,10,150,250,100,81.1601313,898.9755048,11.07656543,11,1,81.1601313,249.715418,5,10
edie,745,755,10,150,250,100,88.7058716,853.7316336,9.624296771,11,1,88.7058716,237.147676,5,10
edie,755,765,10,150,250,100,77.3503115,1228.660895,15.88436906,10,1,77.3503115,341.294693,5,10
edie,765,775,10,150,250,100,56.7910382,1113.170468,19.60116426,10,1,56.7910382,309.214019,5,10
edie,775,785,10,150,250,100,61.55387512,1098.767552,17.8505017,9,1,61.55387512,305.213209,5,10
edie,785,795,10,150,250,100,75.52960125,1256.681088,16.63825927,11,1,75.52960125,349.07808,5,10
edie,795,805,10,150,250,100,67.91357801,1144.879369,16.8578862,10,1,67.91357801,318.022047,5,10
edie,805,815,10,150,250,100,54.74358442,1197.439186,21.87359849,9,1,54.74358442,332.621996,5,10
edie,815,825,10,150,250,100,53.082571,1322.651884,24.91687683,8,1,53.082571,367.403301,5,10
edie,825,835,10,150,250,100,46.06391313,1382.331611,30.00899222,9,1,46.06391313,383.981003,5,10
edie,835,840,5,150,250,100,44.4026115,1513.442556,34.08453928,6,1,22.20130575,210.200355,5,10
edie,0,30,30,150,250,100,72.13248466,1432.508914,19.85941452,20,1,216.397454,1193.757428,0,30
edie,30,60,30,150,250,100,62.65971035,1563.002346,24.94429574,20,1,187.9791311,1302.501955,0,30
edie,60,90,30,150,250,100,66.13286369,1542.789376,23.32863405,19,1,198.3985911,1285.657813,0,30
edie,90,120,30,150,250,100,63.49570016,1218.700492,19.19343339,18,1,190.4871005,1015.583743,0,30
edie,120,150,30,150,250,100,55.47393942,1434.14161,25.85252868,17,1,166.4218182,1195.118008,0,30
edie,150,180,30,150,250,100,54.5429937,1664.906032,30.52465438,19,1,163.6289811,1387.421693,0,30
edie,180,210,30,150,250,100,58.87643323,1486.459352,25.24710263,20,1,176.6292997,1238.716127,0,30
edie,210,240,30,150,250,100,67.96811879,1157.776826,17.0341161,17,1,203.9043564,964.814022,0,30
edie,240,270,30,150,250,100,55.20429299,1495.89714,27.09747846,19,1,165.612879,1246.58095,0,30
edie,270,300,30,150,250,100,49.65081704,1579.569845,31.81357204,20,1,148.9524511,1316.308204,0,30
edie,300,330,30,150,250,100,65.34628862,1570.233377,24.02941942,18,1,196.0388659,1308.527814,0,30
edie,330,360,30,150,250,100,49.8014773,1577.305601,31.6718637,18,1,149.4044319,1314.421334,0,30
edie,360,390,30,150,250,100,49.48086589,1474.929299,29.80807374,18,1,148.4425977,1229.10775,0,30
edie,390,420,30,150,250,100,55.91052333,1508.724124,26.98461818,21,1,167.73157,1257.270103,0,30
edie,420,450,30,150,250,100,66.95303737,1451.964032,21.68630565,18,1,200.8591121,1209.970027,0,30
edie,450,480,30,150,250,100,65.42290657,1011.948022,15.4677937,15,1,196.2687197,843.2900185,0,30
edie,480,510,30,150,250,100,41.21532393,1289.702942,31.29183079,15,1,123.6459718,1074.752452,0,30
edie,510,540,30,150,250,100,36.28388244,1364.909564,37.617517,15,1,108.8516473,1137.424637,0,30
edie,540,570,30,150,250,100,54.6001535,1372.971601,25.14592932,18,1,163.8004605,1144.143001,0,30
edie,570,600,30,150,250,100,63.40565719,1014.099672,15.99383583,15,1,190.2169716,845.08306,0,30
edie,600,630,30,150,250,100,41.82638057,1352.650912,32.33965965,16,1,125.4791417,1127.209093,0,30
edie,630,660,30,150,250,100,69.4768722,1636.33975,23.55229443,20,1,208.4306166,1363.616459,0,30
edie,660,690,30,150,250,100,52.30517424,1335.466802,25.5322121,18,1,156.9155227,1112.889002,0,30
edie,690,720,30,150,250,100,50.71441521,1507.211522,29.71958793,17,1,152.1432456,1256.009602,0,30
edie,720,750,30,150,250,100,74.42524796,1041.065014,13.98806241,18,1,223.2757439,867.554178,0,30
edie,750,780,30,150,250,100,68.09927223,1093.837704,16.06239932,17,1,204.2978167,911.53142,0,30
edie,780,810,30,150,250,100,68.40589291,1193.940076,17.45376056,15,1,205.2176787,994.950063,0,30
edie,810,840,30,150,250,100,49.59354656,1356.753102,27.35745266,16,1,148.7806397,1130.627585,0,30
edie,15,45,30,150,250,100,63.72493455,1391.345838,21.83361737,20,1,191.1748037,1159.454865,15,30
edie,45,75,30,150,250,100,67.54278272,1727.21587,25.57217515,20,1,202.6283482,1439.346558,15,30
edie,75,105,30,150,250,100,63.76068226,1313.431304,20.59939225,17,1,191.2820468,1094.526087,15,30
edie,105,135,30,150,250,100,64.82360041,1395.862922,21.53325199,18,1,194.4708012,1163.219102,15,30
edie,135,165,30,150,250,100,52.623171,1532.866282,29.12911276,18,1,157.869513,1277.388568,15,30
edie,165,195,30,150,250,100,52.59822365,1628.432491,30.95983815,20,1,157.7946709,1357.027076,15,30
edie,195,225,30,150,250,100,73.27274546,1195.217496,16.31189726,17,1,219.8182364,996.01458,15,30
edie,225,255,30,150,250,100,55.01865541,1343.742017,24.42338888,17,1,165.0559662,1119.785014,15,30
edie,255,285,30,150,250,100,52.55868496,1594.894427,30.34502153,18,1,157.6760549,1329.078689,15,30
edie,285,315,30,150,250,100,60.33365123,1600.014408,26.51943609,21,1,181.0009537,1333.34534,15,30
edie,315,345,30,150,250,100,55.16150634,1561.367214,28.30537666,19,1,165.484519,1301.139345,15,30
edie,345,375,30,150,250,100,44.3862374,1420.912166,32.01244912,18,1,133.1587122,1184.093472,15,30
edie,375,405,30,150,250,100,56.11864634,1519.542839,27.07732524,18,1,168.355939,1266.285699,15,30
edie,405,435,30,150,250,100,63.86866599,1624.16565,25.42977256,19,1,191.605998,1353.471375,15,30
edie,435,465,30,150,250,100,68.86797969,1120.422167,16.26913077,17,1,206.6039391,933.6851395,15,30
edie,465,495,30,150,250,100,50.41374926,1138.36566,22.58046023,16,1,151.2412478,948.63805,15,30
edie,495,525,30,150,250,100,36.89639585,1306.199848,35.40182767,15,1,110.6891876,1088.499873,15,30
edie,525,555,30,150,250,100,40.06147761,1564.613585,39.05531394,17,1,120.1844328,1303.844654,15,30
edie,555,585,30,150,250,100,73.07186337,909.7790394,12.45046995,15,1,219.2155901,758.1491995,15,30
edie,585,615,30,150,250,100,45.43614865,1343.391497,29.56657941,16,1,136.3084459,1119.492914,15,30
edie,615,645,30,150,250,100,51.54328162,1583.763658,30.72686891,20,1,154.6298449,1319.803048,15,30
edie,645,675,30,150,250,100,66.23376393,1373.2216,20.73295428,18,1,198.7012918,1144.351333,15,30
edie,675,705,30,150,250,100,50.98615153,1452.194036,28.48212687,18,1,152.9584546,1210.161697,15,30
edie,705,735,30,150,250,100,56.33284482,1333.617515,23.67388899,16,1,168.9985345,1111.347929,15,30
edie,735,765,30,150,250,100,82.40543813,993.7893444,12.05975439,15,1,247.2163144,828.157787,15,30
edie,765,795,30,150,250,100,64.62483819,1156.20637,17.89105245,18,1,193.8745146,963.505308,15,30
edie,795,825,30,150,250,100,58.57991114,1221.656813,20.85453509,16,1,175.7397334,1018.047344,15,30
edie,825,840,15,150,250,100,45.51014592,1426.035259,31.33444709,11,1,68.26521888,594.181358,15,30
edie,0,60,60,150,250,100,67.39609751,1497.75563,22.22318035,34,1,404.376585,2496.259383,0,60
edie,60,120,60,150,250,100,64.81428193,1380.744934,21.30309698,30,1,388.8856916,2301.241556,0,60
edie,120,180,60,150,250,100,55.00846656,1549.523821,28.16882414,31,1,330.0507994,2582.539701,0,60
edie,180,240,60,150,250,100,63.42227601,1322.118089,20.84627315,29,1,380.5336561,2203.530149,0,60
edie,240,300,60,150,250,100,52.42755501,1537.733492,29.33063524,33,1,314.5653301,2562.889154,0,60
edie,300,360,60,150,250,100,57.57388296,1573.769489,27.33478112,32,1,345.4432977,2622.949148,0,60
edie,360,420,60,150,250,100,52.69569461,1491.826712,28.31022008,33,1,316.1741677,2486.377853,0,60
edie,420,480,60,150,250,100,66.18797197,1231.956027,18.6129895,27,1,397.1278318,2053.260045,0,60
edie,480,540,60,150,250,100,38.74960319,1327.306253,34.25341537,27,1,232.4976191,2212.177089,0,60
edie,540,600,60,150,250,100,59.00290534,1193.535636,20.22842145,25,1,354.0174321,1989.226061,0,60
edie,600,660,60,150,250,100,55.65162638,1494.495331,26.85447719,31,1,333.9097583,2490.825552,0,60
edie,660,720,60,150,250,100,51.50979473,1421.339162,27.5935707,30,1,309.0587684,2368.898604,0,60
edie,720,780,60,150,250,100,71.26226009,1067.451359,14.97919596,25,1,427.5735606,1779.085598,0,60
edie,780,840,60,150,250,100,58.99971973,1275.346589,21.61614656,26,1,353.9983184,2125.577648,0,60
edie,30,90,60,150,250,100,64.39628702,1552.895861,24.11468009,32,1,386.3777221,2588.159768,30,60
edie,90,150,60,150,250,100,59.48481979,1326.421051,22.29847977,29,1,356.9089187,2210.701751,30,60
edie,150,210,60,150,250,100,56.70971347,1575.682692,27.78505825,33,1,340.2582808,2626.13782,30,60
edie,210,270,60,150,250,100,61.58620589,1326.836983,21.54438586,31,1,369.5172353,2211.394972,30,60
edie,270,330,60,150,250,100,57.49855283,1574.901611,27.3902826,32,1,344.991317,2624.836018,30,60
edie,330,390,60,150,250,100,49.6411716,1526.11745,30.74297808,31,1,297.8470296,2543.529084,30,60
edie,390,450,60,150,250,100,61.43178035,1480.344078,24.09736573,32,1,368.5906821,2467.24013,30,60
edie,450,510,60,150,250,100,53.31911525,1150.825482,21.58373178,25,1,319.9146915,1918.042471,30,60
edie,510,570,60,150,250,100,45.44201797,1368.940583,30.1249954,29,1,272.6521078,2281.567638,30,60
edie,570,630,60,150,250,100,52.61601888,1183.375292,22.49077975,27,1,315.6961133,1972.292154,30,60
edie,630,690,60,150,250,100,60.89102322,1485.903276,24.40266558,31,1,365.3461393,2476.505461,30,60
edie,690,750,60,150,250,100,62.56983159,1274.138268,20.36346008,29,1,375.4189895,2123.56378,30,60
edie,750,810,60,150,250,100,68.25258257,1143.88889,16.75964259,26,1,409.5154954,1906.481483,30,60
edie,810,840,30,150,250,100,49.59354656,1356.753102,27.35745266,16,1,148.7806397,1130.627585,30,60
