start_s,q_geometry,q_speed_column
0,1432.508914,1433.125487
30,1563.002346,1563.13051
60,1542.789376,1542.606353
90,1218.700492,1218.674037
120,1434.14161,1434.168029
150,1664.906032,1665.009478
180,1486.459352,1486.448143
210,1157.776826,1157.717357
240,1495.89714,1495.911335
270,1579.569845,1579.421197
300,1570.233377,1570.293655
330,1577.305601,1577.306036
360,1474.929299,1474.951749
390,1508.724124,1508.914155
420,1451.964032,1450.035723
450,1011.948022,1013.94149
480,1289.702942,1287.043232
510,1364.909564,1366.594738
540,1372.971601,1363.618253
570,1014.099672,1016.590514
600,1352.650912,1349.474634
630,1636.33975,1631.136061
660,1335.466802,1338.151281
690,1507.211522,1503.797666
720,1041.065014,1020.443095
750,1093.837704,1094.805126
780,1193.940076,1185.895284
810,1356.753102,1356.449906
