split,scene_id,observation_index,side_m,visible_neighbours,occupied_cells,multi_neighbour_cells
train,0,0,2.0,1,1,0
train,0,0,4.0,3,3,0
train,0,0,8.0,7,5,2
train,0,1,2.0,1,1,0
train,0,1,4.0,3,3,0
train,0,1,8.0,7,5,2
train,0,2,2.0,1,1,0
train,0,2,4.0,3,3,0
train,0,2,8.0,7,4,3
train,0,3,2.0,1,1,0
train,0,3,4.0,4,3,1
train,0,3,8.0,7,4,3
train,0,4,2.0,1,1,0
train,0,4,4.0,3,3,0
train,0,4,8.0,7,4,3
train,0,5,2.0,1,1,0
train,0,5,4.0,3,3,0
train,0,5,8.0,8,4,3
train,0,6,2.0,1,1,0
train,0,6,4.0,4,4,0
train,0,6,8.0,9,6,3
train,0,7,2.0,1,1,0
train,0,7,4.0,4,4,0
train,0,7,8.0,9,6,3
train,1,0,2.0,2,2,0
train,1,0,4.0,4,4,0
train,1,0,8.0,9,5,4
train,1,1,2.0,2,2,0
train,1,1,4.0,4,4,0
train,1,1,8.0,9,5,4
train,1,2,2.0,2,2,0
train,1,2,4.0,4,4,0
train,1,2,8.0,9,5,4
train,1,3,2.0,1,1,0
train,1,3,4.0,4,3,1
train,1,3,8.0,9,5,4
train,1,4,2.0,0,0,0
train,1,4,4.0,4,3,1
train,1,4,8.0,9,5,4
train,1,5,2.0,0,0,0
train,1,5,4.0,4,3,1
train,1,5,8.0,8,5,3
train,1,6,2.0,1,1,0
train,1,6,4.0,3,3,0
train,1,6,8.0,8,5,3
train,1,7,2.0,1,1,0
train,1,7,4.0,3,3,0
train,1,7,8.0,8,5,3
train,2,0,2.0,1,1,0
train,2,0,4.0,4,3,1
train,2,0,8.0,8,4,4
train,2,1,2.0,1,1,0
train,2,1,4.0,4,3,1
train,2,1,8.0,8,4,4
train,2,2,2.0,1,1,0
train,2,2,4.0,4,3,1
train,2,2,8.0,8,4,4
train,2,3,2.0,1,1,0
train,2,3,4.0,4,3,1
train,2,3,8.0,8,5,3
train,2,4,2.0,1,1,0
train,2,4,4.0,4,3,1
train,2,4,8.0,8,5,3
train,2,5,2.0,1,1,0
train,2,5,4.0,4,3,1
train,2,5,8.0,8,4,4
train,2,6,2.0,1,1,0
train,2,6,4.0,3,2,1
train,2,6,8.0,8,5,3
train,2,7,2.0,1,1,0
train,2,7,4.0,4,3,1
train,2,7,8.0,8,4,4
train,3,0,2.0,1,1,0
train,3,0,4.0,3,3,0
train,3,0,8.0,8,4,3
train,3,1,2.0,1,1,0
train,3,1,4.0,3,3,0
train,3,1,8.0,8,4,3
train,3,2,2.0,1,1,0
train,3,2,4.0,3,3,0
train,3,2,8.0,8,4,3
train,3,3,2.0,1,1,0
train,3,3,4.0,3,3,0
train,3,3,8.0,8,5,2
train,3,4,2.0,1,1,0
train,3,4,4.0,3,3,0
train,3,4,8.0,8,5,2
train,3,5,2.0,2,2,0
train,3,5,4.0,3,3,0
train,3,5,8.0,8,5,2
train,3,6,2.0,2,2,0
train,3,6,4.0,3,3,0
train,3,6,8.0,8,6,1
train,3,7,2.0,2,2,0
train,3,7,4.0,3,3,0
train,3,7,8.0,8,6,1
train,4,0,2.0,1,1,0
train,4,0,4.0,4,4,0
train,4,0,8.0,9,6,3
train,4,1,2.0,1,1,0
train,4,1,4.0,5,5,0
train,4,1,8.0,8,6,1
train,4,2,2.0,1,1,0
train,4,2,4.0,5,5,0
train,4,2,8.0,8,6,1
train,4,3,2.0,1,1,0
train,4,3,4.0,5,5,0
train,4,3,8.0,8,6,1
train,4,4,2.0,1,1,0
train,4,4,4.0,5,5,0
train,4,4,8.0,8,6,1
train,4,5,2.0,1,1,0
train,4,5,4.0,4,4,0
train,4,5,8.0,8,7,1
train,4,6,2.0,1,1,0
train,4,6,4.0,4,4,0
train,4,6,8.0,8,7,1
train,4,7,2.0,1,1,0
train,4,7,4.0,4,4,0
train,4,7,8.0,9,8,1
train,5,0,2.0,1,1,0
train,5,0,4.0,3,3,0
train,5,0,8.0,8,5,3
train,5,1,2.0,1,1,0
train,5,1,4.0,3,3,0
train,5,1,8.0,8,6,2
train,5,2,2.0,1,1,0
train,5,2,4.0,3,3,0
train,5,2,8.0,9,6,3
train,5,3,2.0,1,1,0
train,5,3,4.0,3,3,0
train,5,3,8.0,9,6,3
train,5,4,2.0,1,1,0
train,5,4,4.0,3,3,0
train,5,4,8.0,9,6,3
train,5,5,2.0,1,1,0
train,5,5,4.0,3,3,0
train,5,5,8.0,9,6,3
train,5,6,2.0,1,1,0
train,5,6,4.0,4,4,0
train,5,6,8.0,9,6,3
train,5,7,2.0,1,1,0
train,5,7,4.0,4,4,0
train,5,7,8.0,9,6,3
train,6,0,2.0,0,0,0
train,6,0,4.0,4,2,2
train,6,0,8.0,8,4,4
train,6,1,2.0,0,0,0
train,6,1,4.0,4,2,2
train,6,1,8.0,8,4,4
train,6,2,2.0,0,0,0
train,6,2,4.0,4,2,2
train,6,2,8.0,8,4,4
train,6,3,2.0,0,0,0
train,6,3,4.0,3,3,0
train,6,3,8.0,8,5,2
train,6,4,2.0,0,0,0
train,6,4,4.0,3,3,0
train,6,4,8.0,9,6,2
train,6,5,2.0,0,0,0
train,6,5,4.0,3,3,0
train,6,5,8.0,9,6,2
train,6,6,2.0,0,0,0
train,6,6,4.0,3,2,1
train,6,6,8.0,9,4,3
train,6,7,2.0,0,0,0
train,6,7,4.0,3,2,1
train,6,7,8.0,9,4,3
train,7,0,2.0,2,2,0
train,7,0,4.0,3,3,0
train,7,0,8.0,8,6,1
train,7,1,2.0,1,1,0
train,7,1,4.0,3,3,0
train,7,1,8.0,8,6,1
train,7,2,2.0,2,2,0
train,7,2,4.0,3,3,0
train,7,2,8.0,8,6,1
train,7,3,2.0,2,2,0
train,7,3,4.0,3,3,0
train,7,3,8.0,8,6,1
train,7,4,2.0,2,2,0
train,7,4,4.0,3,3,0
train,7,4,8.0,8,6,1
train,7,5,2.0,2,2,0
train,7,5,4.0,3,3,0
train,7,5,8.0,8,6,1
train,7,6,2.0,2,2,0
train,7,6,4.0,3,3,0
train,7,6,8.0,8,6,1
train,7,7,2.0,2,2,0
train,7,7,4.0,3,3,0
train,7,7,8.0,8,6,1
train,8,0,2.0,1,1,0
train,8,0,4.0,3,3,0
train,8,0,8.0,9,7,2
train,8,1,2.0,1,1,0
train,8,1,4.0,3,3,0
train,8,1,8.0,9,7,2
train,8,2,2.0,1,1,0
train,8,2,4.0,3,3,0
train,8,2,8.0,10,7,3
train,8,3,2.0,1,1,0
train,8,3,4.0,3,3,0
train,8,3,8.0,10,7,3
train,8,4,2.0,1,1,0
train,8,4,4.0,3,3,0
train,8,4,8.0,10,7,3
train,8,5,2.0,1,1,0
train,8,5,4.0,3,3,0
train,8,5,8.0,10,7,3
train,8,6,2.0,1,1,0
train,8,6,4.0,3,3,0
train,8,6,8.0,10,7,3
train,8,7,2.0,1,1,0
train,8,7,4.0,3,3,0
train,8,7,8.0,10,8,2
train,9,0,2.0,1,1,0
train,9,0,4.0,4,4,0
train,9,0,8.0,9,7,2
train,9,1,2.0,1,1,0
train,9,1,4.0,4,4,0
train,9,1,8.0,9,6,3
train,9,2,2.0,1,1,0
train,9,2,4.0,4,4,0
train,9,2,8.0,9,6,3
train,9,3,2.0,1,1,0
train,9,3,4.0,3,3,0
train,9,3,8.0,9,6,3
train,9,4,2.0,1,1,0
train,9,4,4.0,3,3,0
train,9,4,8.0,10,6,3
train,9,5,2.0,1,1,0
train,9,5,4.0,3,3,0
train,9,5,8.0,9,8,1
train,9,6,2.0,1,1,0
train,9,6,4.0,3,3,0
train,9,6,8.0,10,8,2
train,9,7,2.0,1,1,0
train,9,7,4.0,3,3,0
train,9,7,8.0,11,7,4
train,10,0,2.0,0,0,0
train,10,0,4.0,3,2,1
train,10,0,8.0,10,5,3
train,10,1,2.0,0,0,0
train,10,1,4.0,3,2,1
train,10,1,8.0,10,5,3
train,10,2,2.0,0,0,0
train,10,2,4.0,3,2,1
train,10,2,8.0,10,5,3
train,10,3,2.0,0,0,0
train,10,3,4.0,3,2,1
train,10,3,8.0,10,5,3
train,10,4,2.0,0,0,0
train,10,4,4.0,3,2,1
train,10,4,8.0,10,5,3
train,10,5,2.0,0,0,0
train,10,5,4.0,3,2,1
train,10,5,8.0,11,6,4
train,10,6,2.0,0,0,0
train,10,6,4.0,2,2,0
train,10,6,8.0,11,7,3
train,10,7,2.0,0,0,0
train,10,7,4.0,2,2,0
train,10,7,8.0,12,7,3
train,11,0,2.0,2,2,0
train,11,0,4.0,3,3,0
train,11,0,8.0,8,7,1
train,11,1,2.0,2,2,0
train,11,1,4.0,3,3,0
train,11,1,8.0,8,7,1
train,11,2,2.0,2,2,0
train,11,2,4.0,3,3,0
train,11,2,8.0,8,6,1
train,11,3,2.0,2,2,0
train,11,3,4.0,3,3,0
train,11,3,8.0,8,6,1
train,11,4,2.0,2,2,0
train,11,4,4.0,3,3,0
train,11,4,8.0,9,7,1
train,11,5,2.0,2,2,0
train,11,5,4.0,3,3,0
train,11,5,8.0,9,6,2
train,11,6,2.0,2,2,0
train,11,6,4.0,3,3,0
train,11,6,8.0,9,7,2
train,11,7,2.0,2,2,0
train,11,7,4.0,3,3,0
train,11,7,8.0,9,7,2
train,12,0,2.0,1,1,0
train,12,0,4.0,3,3,0
train,12,0,8.0,11,8,3
train,12,1,2.0,1,1,0
train,12,1,4.0,4,4,0
train,12,1,8.0,11,8,3
train,12,2,2.0,1,1,0
train,12,2,4.0,4,4,0
train,12,2,8.0,11,8,3
train,12,3,2.0,1,1,0
train,12,3,4.0,4,4,0
train,12,3,8.0,11,8,3
train,12,4,2.0,1,1,0
train,12,4,4.0,4,4,0
train,12,4,8.0,11,9,2
train,12,5,2.0,1,1,0
train,12,5,4.0,5,4,1
train,12,5,8.0,11,8,3
train,12,6,2.0,1,1,0
train,12,6,4.0,5,4,1
train,12,6,8.0,11,8,3
train,12,7,2.0,1,1,0
train,12,7,4.0,5,4,1
train,12,7,8.0,12,8,4
train,13,0,2.0,1,1,0
train,13,0,4.0,3,3,0
train,13,0,8.0,11,7,4
train,13,1,2.0,1,1,0
train,13,1,4.0,3,3,0
train,13,1,8.0,12,7,4
train,13,2,2.0,1,1,0
train,13,2,4.0,3,3,0
train,13,2,8.0,11,8,3
train,13,3,2.0,1,1,0
train,13,3,4.0,3,3,0
train,13,3,8.0,11,8,3
train,13,4,2.0,1,1,0
train,13,4,4.0,3,3,0
train,13,4,8.0,12,8,4
train,13,5,2.0,1,1,0
train,13,5,4.0,3,3,0
train,13,5,8.0,12,8,4
train,13,6,2.0,1,1,0
train,13,6,4.0,4,4,0
train,13,6,8.0,12,9,3
train,13,7,2.0,1,1,0
train,13,7,4.0,4,4,0
train,13,7,8.0,12,9,2
train,14,0,2.0,0,0,0
train,14,0,4.0,2,2,0
train,14,0,8.0,12,7,3
train,14,1,2.0,0,0,0
train,14,1,4.0,2,2,0
train,14,1,8.0,12,8,3
train,14,2,2.0,0,0,0
train,14,2,4.0,3,2,1
train,14,2,8.0,13,9,3
train,14,3,2.0,0,0,0
train,14,3,4.0,3,2,1
train,14,3,8.0,13,9,3
train,14,4,2.0,0,0,0
train,14,4,4.0,3,2,1
train,14,4,8.0,14,9,4
train,14,5,2.0,0,0,0
train,14,5,4.0,3,2,1
train,14,5,8.0,13,9,3
train,14,6,2.0,1,1,0
train,14,6,4.0,2,2,0
train,14,6,8.0,13,9,3
train,14,7,2.0,1,1,0
train,14,7,4.0,3,3,0
train,14,7,8.0,13,8,4
train,15,0,2.0,2,2,0
train,15,0,4.0,3,3,0
train,15,0,8.0,10,7,2
train,15,1,2.0,1,1,0
train,15,1,4.0,3,3,0
train,15,1,8.0,10,7,2
train,15,2,2.0,1,1,0
train,15,2,4.0,3,3,0
train,15,2,8.0,11,7,3
train,15,3,2.0,1,1,0
train,15,3,4.0,3,3,0
train,15,3,8.0,12,7,4
train,15,4,2.0,1,1,0
train,15,4,4.0,3,3,0
train,15,4,8.0,12,7,4
train,15,5,2.0,1,1,0
train,15,5,4.0,3,3,0
train,15,5,8.0,11,8,2
train,15,6,2.0,1,1,0
train,15,6,4.0,2,2,0
train,15,6,8.0,11,9,1
train,15,7,2.0,1,1,0
train,15,7,4.0,3,3,0
train,15,7,8.0,11,10,1
train,16,0,2.0,1,1,0
train,16,0,4.0,5,4,1
train,16,0,8.0,12,9,3
train,16,1,2.0,1,1,0
train,16,1,4.0,6,6,0
train,16,1,8.0,13,10,3
train,16,2,2.0,1,1,0
train,16,2,4.0,5,5,0
train,16,2,8.0,14,11,3
train,16,3,2.0,2,2,0
train,16,3,4.0,5,4,1
train,16,3,8.0,16,11,5
train,16,4,2.0,2,2,0
train,16,4,4.0,5,5,0
train,16,4,8.0,16,11,5
train,16,5,2.0,2,2,0
train,16,5,4.0,6,6,0
train,16,5,8.0,16,11,5
train,16,6,2.0,2,2,0
train,16,6,4.0,6,6,0
train,16,6,8.0,19,12,6
train,16,7,2.0,2,2,0
train,16,7,4.0,6,6,0
train,16,7,8.0,20,12,6
train,17,0,2.0,1,1,0
train,17,0,4.0,4,4,0
train,17,0,8.0,13,9,3
train,17,1,2.0,1,1,0
train,17,1,4.0,4,4,0
train,17,1,8.0,13,9,3
train,17,2,2.0,1,1,0
train,17,2,4.0,5,5,0
train,17,2,8.0,14,9,2
train,17,3,2.0,1,1,0
train,17,3,4.0,5,5,0
train,17,3,8.0,15,9,3
train,17,4,2.0,1,1,0
train,17,4,4.0,5,5,0
train,17,4,8.0,15,9,4
train,17,5,2.0,1,1,0
train,17,5,4.0,5,5,0
train,17,5,8.0,15,9,4
train,17,6,2.0,1,1,0
train,17,6,4.0,6,6,0
train,17,6,8.0,15,9,4
train,17,7,2.0,1,1,0
train,17,7,4.0,6,5,1
train,17,7,8.0,16,9,5
train,18,0,2.0,1,1,0
train,18,0,4.0,4,3,1
train,18,0,8.0,13,7,4
train,18,1,2.0,1,1,0
train,18,1,4.0,4,3,1
train,18,1,8.0,13,7,3
train,18,2,2.0,1,1,0
train,18,2,4.0,4,3,1
train,18,2,8.0,13,8,3
train,18,3,2.0,2,2,0
train,18,3,4.0,4,4,0
train,18,3,8.0,13,9,2
train,18,4,2.0,2,2,0
train,18,4,4.0,4,4,0
train,18,4,8.0,13,9,2
train,18,5,2.0,2,2,0
train,18,5,4.0,4,4,0
train,18,5,8.0,13,9,3
train,18,6,2.0,2,2,0
train,18,6,4.0,4,4,0
train,18,6,8.0,13,9,3
train,18,7,2.0,2,2,0
train,18,7,4.0,4,4,0
train,18,7,8.0,13,9,3
train,19,0,2.0,1,1,0
train,19,0,4.0,3,3,0
train,19,0,8.0,11,10,1
train,19,1,2.0,0,0,0
train,19,1,4.0,3,3,0
train,19,1,8.0,11,10,1
train,19,2,2.0,0,0,0
train,19,2,4.0,4,4,0
train,19,2,8.0,12,10,1
train,19,3,2.0,0,0,0
train,19,3,4.0,4,4,0
train,19,3,8.0,13,10,2
train,19,4,2.0,0,0,0
train,19,4,4.0,4,4,0
train,19,4,8.0,13,10,2
train,19,5,2.0,1,1,0
train,19,5,4.0,4,4,0
train,19,5,8.0,12,10,2
train,19,6,2.0,0,0,0
train,19,6,4.0,4,4,0
train,19,6,8.0,13,9,2
train,19,7,2.0,1,1,0
train,19,7,4.0,4,4,0
train,19,7,8.0,14,9,3
train,20,0,2.0,3,3,0
train,20,0,4.0,6,5,1
train,20,0,8.0,20,12,6
train,20,1,2.0,3,3,0
train,20,1,4.0,6,5,1
train,20,1,8.0,20,13,6
train,20,2,2.0,3,3,0
train,20,2,4.0,7,6,1
train,20,2,8.0,20,12,6
train,20,3,2.0,3,3,0
train,20,3,4.0,7,6,1
train,20,3,8.0,21,11,6
train,20,4,2.0,3,3,0
train,20,4,4.0,7,6,1
train,20,4,8.0,21,12,5
train,20,5,2.0,3,3,0
train,20,5,4.0,7,6,1
train,20,5,8.0,22,12,5
train,20,6,2.0,2,2,0
train,20,6,4.0,7,5,2
train,20,6,8.0,27,13,7
train,20,7,2.0,2,2,0
train,20,7,4.0,7,5,2
train,20,7,8.0,27,13,8
train,21,0,2.0,2,1,1
train,21,0,4.0,6,5,1
train,21,0,8.0,17,10,4
train,21,1,2.0,2,1,1
train,21,1,4.0,5,4,1
train,21,1,8.0,17,10,4
train,21,2,2.0,2,2,0
train,21,2,4.0,5,4,1
train,21,2,8.0,18,10,5
train,21,3,2.0,2,2,0
train,21,3,4.0,5,4,1
train,21,3,8.0,19,10,5
train,21,4,2.0,2,2,0
train,21,4,4.0,5,4,1
train,21,4,8.0,19,10,5
train,21,5,2.0,2,2,0
train,21,5,4.0,6,5,1
train,21,5,8.0,19,10,5
train,21,6,2.0,2,2,0
train,21,6,4.0,7,6,1
train,21,6,8.0,19,10,5
train,21,7,2.0,2,2,0
train,21,7,4.0,6,5,1
train,21,7,8.0,21,10,7
train,22,0,2.0,3,3,0
train,22,0,4.0,4,3,1
train,22,0,8.0,14,9,3
train,22,1,2.0,2,2,0
train,22,1,4.0,4,3,1
train,22,1,8.0,13,7,3
train,22,2,2.0,2,2,0
train,22,2,4.0,4,4,0
train,22,2,8.0,13,8,3
train,22,3,2.0,2,2,0
train,22,3,4.0,4,4,0
train,22,3,8.0,13,8,3
train,22,4,2.0,2,2,0
train,22,4,4.0,5,5,0
train,22,4,8.0,14,9,4
train,22,5,2.0,2,2,0
train,22,5,4.0,4,3,1
train,22,5,8.0,15,7,5
train,22,6,2.0,2,2,0
train,22,6,4.0,4,2,2
train,22,6,8.0,15,8,4
train,22,7,2.0,1,1,0
train,22,7,4.0,4,3,1
train,22,7,8.0,16,9,4
train,23,0,2.0,1,1,0
train,23,0,4.0,3,3,0
train,23,0,8.0,14,10,3
train,23,1,2.0,1,1,0
train,23,1,4.0,3,3,0
train,23,1,8.0,15,11,3
train,23,2,2.0,2,2,0
train,23,2,4.0,3,2,1
train,23,2,8.0,18,10,4
train,23,3,2.0,2,2,0
train,23,3,4.0,4,3,1
train,23,3,8.0,18,9,3
train,23,4,2.0,2,2,0
train,23,4,4.0,4,3,1
train,23,4,8.0,20,10,5
train,23,5,2.0,2,2,0
train,23,5,4.0,6,5,1
train,23,5,8.0,21,11,6
train,23,6,2.0,1,1,0
train,23,6,4.0,6,6,0
train,23,6,8.0,21,11,7
train,23,7,2.0,1,1,0
train,23,7,4.0,6,6,0
train,23,7,8.0,22,11,7
train,24,0,2.0,2,2,0
train,24,0,4.0,8,6,2
train,24,0,8.0,28,14,8
train,24,1,2.0,2,2,0
train,24,1,4.0,9,7,2
train,24,1,8.0,30,14,9
train,24,2,2.0,2,2,0
train,24,2,4.0,11,8,3
train,24,2,8.0,30,14,9
train,24,3,2.0,2,2,0
train,24,3,4.0,12,9,3
train,24,3,8.0,31,14,9
train,24,4,2.0,2,2,0
train,24,4,4.0,13,9,3
train,24,4,8.0,32,14,8
train,24,5,2.0,2,2,0
train,24,5,4.0,13,9,3
train,24,5,8.0,34,14,10
train,24,6,2.0,3,3,0
train,24,6,4.0,13,10,3
train,24,6,8.0,35,14,9
train,24,7,2.0,3,3,0
train,24,7,4.0,13,10,3
train,24,7,8.0,34,14,8
train,25,0,2.0,2,2,0
train,25,0,4.0,6,5,1
train,25,0,8.0,22,11,7
train,25,1,2.0,2,2,0
train,25,1,4.0,7,6,1
train,25,1,8.0,24,11,7
train,25,2,2.0,2,2,0
train,25,2,4.0,7,5,2
train,25,2,8.0,25,11,7
train,25,3,2.0,2,2,0
train,25,3,4.0,7,5,2
train,25,3,8.0,26,11,7
train,25,4,2.0,3,3,0
train,25,4,4.0,8,7,1
train,25,4,8.0,27,11,8
train,25,5,2.0,3,3,0
train,25,5,4.0,8,7,1
train,25,5,8.0,28,12,8
train,25,6,2.0,3,3,0
train,25,6,4.0,9,8,1
train,25,6,8.0,30,12,10
train,25,7,2.0,3,3,0
train,25,7,4.0,12,10,2
train,25,7,8.0,30,12,10
train,26,0,2.0,1,1,0
train,26,0,4.0,4,3,1
train,26,0,8.0,16,8,5
train,26,1,2.0,1,1,0
train,26,1,4.0,4,4,0
train,26,1,8.0,15,7,5
train,26,2,2.0,1,1,0
train,26,2,4.0,4,4,0
train,26,2,8.0,15,8,5
train,26,3,2.0,1,1,0
train,26,3,4.0,4,3,1
train,26,3,8.0,17,8,5
train,26,4,2.0,1,1,0
train,26,4,4.0,3,3,0
train,26,4,8.0,16,8,4
train,26,5,2.0,0,0,0
train,26,5,4.0,5,3,2
train,26,5,8.0,17,8,4
train,26,6,2.0,0,0,0
train,26,6,4.0,6,5,1
train,26,6,8.0,18,9,5
train,26,7,2.0,0,0,0
train,26,7,4.0,5,4,1
train,26,7,8.0,19,9,6
train,27,0,2.0,1,1,0
train,27,0,4.0,8,7,1
train,27,0,8.0,23,11,9
train,27,1,2.0,1,1,0
train,27,1,4.0,8,8,0
train,27,1,8.0,25,11,9
train,27,2,2.0,1,1,0
train,27,2,4.0,8,7,1
train,27,2,8.0,26,11,9
train,27,3,2.0,1,1,0
train,27,3,4.0,10,8,1
train,27,3,8.0,28,11,7
train,27,4,2.0,2,2,0
train,27,4,4.0,10,10,0
train,27,4,8.0,27,10,8
train,27,5,2.0,2,2,0
train,27,5,4.0,9,9,0
train,27,5,8.0,25,11,7
train,27,6,2.0,2,2,0
train,27,6,4.0,9,8,1
train,27,6,8.0,24,12,6
train,27,7,2.0,2,2,0
train,27,7,4.0,10,9,1
train,27,7,8.0,26,11,8
train,28,0,2.0,3,3,0
train,28,0,4.0,12,9,3
train,28,0,8.0,35,14,11
train,28,1,2.0,5,5,0
train,28,1,4.0,12,9,2
train,28,1,8.0,36,14,11
train,28,2,2.0,5,5,0
train,28,2,4.0,12,9,2
train,28,2,8.0,36,14,10
train,28,3,2.0,5,5,0
train,28,3,4.0,12,9,2
train,28,3,8.0,36,14,10
train,28,4,2.0,5,5,0
train,28,4,4.0,14,9,4
train,28,4,8.0,38,15,10
train,28,5,2.0,5,4,1
train,28,5,4.0,14,10,4
train,28,5,8.0,38,15,10
train,28,6,2.0,4,4,0
train,28,6,4.0,14,9,5
train,28,6,8.0,37,14,11
train,28,7,2.0,4,4,0
train,28,7,4.0,13,10,3
train,28,7,8.0,40,13,11
train,29,0,2.0,3,3,0
train,29,0,4.0,11,9,2
train,29,0,8.0,31,12,9
train,29,1,2.0,4,4,0
train,29,1,4.0,11,9,2
train,29,1,8.0,31,12,8
train,29,2,2.0,4,4,0
train,29,2,4.0,11,8,3
train,29,2,8.0,33,12,10
train,29,3,2.0,5,5,0
train,29,3,4.0,11,9,2
train,29,3,8.0,34,13,10
train,29,4,2.0,5,5,0
train,29,4,4.0,11,10,1
train,29,4,8.0,33,13,10
train,29,5,2.0,4,4,0
train,29,5,4.0,12,10,2
train,29,5,8.0,33,13,9
train,29,6,2.0,5,4,1
train,29,6,4.0,12,9,2
train,29,6,8.0,33,13,9
train,29,7,2.0,5,4,1
train,29,7,4.0,12,9,2
train,29,7,8.0,34,13,8
train,30,0,2.0,0,0,0
train,30,0,4.0,5,5,0
train,30,0,8.0,20,10,6
train,30,1,2.0,0,0,0
train,30,1,4.0,4,4,0
train,30,1,8.0,22,10,6
train,30,2,2.0,0,0,0
train,30,2,4.0,3,3,0
train,30,2,8.0,23,9,7
train,30,3,2.0,0,0,0
train,30,3,4.0,4,2,1
train,30,3,8.0,21,9,7
train,30,4,2.0,0,0,0
train,30,4,4.0,4,2,1
train,30,4,8.0,21,9,7
train,30,5,2.0,0,0,0
train,30,5,4.0,4,2,1
train,30,5,8.0,20,9,7
train,30,6,2.0,0,0,0
train,30,6,4.0,4,3,1
train,30,6,8.0,20,10,5
train,30,7,2.0,0,0,0
train,30,7,4.0,2,2,0
train,30,7,8.0,22,9,6
train,31,0,2.0,2,2,0
train,31,0,4.0,10,8,2
train,31,0,8.0,27,12,7
train,31,1,2.0,2,2,0
train,31,1,4.0,9,6,2
train,31,1,8.0,29,12,7
train,31,2,2.0,1,1,0
train,31,2,4.0,9,7,2
train,31,2,8.0,30,12,8
train,31,3,2.0,1,1,0
train,31,3,4.0,10,7,3
train,31,3,8.0,29,11,6
train,31,4,2.0,2,2,0
train,31,4,4.0,9,7,2
train,31,4,8.0,28,10,7
train,31,5,2.0,1,1,0
train,31,5,4.0,9,6,2
train,31,5,8.0,28,10,7
train,31,6,2.0,1,1,0
train,31,6,4.0,9,7,1
train,31,6,8.0,26,11,6
train,31,7,2.0,2,2,0
train,31,7,4.0,9,6,2
train,31,7,8.0,24,10,6
train,32,0,2.0,4,4,0
train,32,0,4.0,13,10,3
train,32,0,8.0,39,14,10
train,32,1,2.0,4,4,0
train,32,1,4.0,13,10,3
train,32,1,8.0,41,14,10
train,32,2,2.0,4,4,0
train,32,2,4.0,14,10,3
train,32,2,8.0,43,13,11
train,32,3,2.0,4,4,0
train,32,3,4.0,14,10,3
train,32,3,8.0,44,15,10
train,32,4,2.0,5,5,0
train,32,4,4.0,13,10,2
train,32,4,8.0,44,15,11
train,32,5,2.0,6,6,0
train,32,5,4.0,16,10,4
train,32,5,8.0,44,15,11
train,32,6,2.0,5,5,0
train,32,6,4.0,16,10,5
train,32,6,8.0,43,15,11
train,32,7,2.0,5,5,0
train,32,7,4.0,16,10,5
train,32,7,8.0,43,15,11
train,33,0,2.0,5,4,1
train,33,0,4.0,13,10,2
train,33,0,8.0,36,13,10
train,33,1,2.0,5,4,1
train,33,1,4.0,12,10,1
train,33,1,8.0,36,13,10
train,33,2,2.0,6,6,0
train,33,2,4.0,13,9,3
train,33,2,8.0,35,13,10
train,33,3,2.0,5,5,0
train,33,3,4.0,13,10,2
train,33,3,8.0,34,13,10
train,33,4,2.0,5,5,0
train,33,4,4.0,13,10,2
train,33,4,8.0,35,13,10
train,33,5,2.0,5,5,0
train,33,5,4.0,13,10,3
train,33,5,8.0,37,13,10
train,33,6,2.0,5,5,0
train,33,6,4.0,14,11,3
train,33,6,8.0,37,13,9
train,33,7,2.0,5,5,0
train,33,7,4.0,12,9,3
train,33,7,8.0,39,12,10
train,34,0,2.0,0,0,0
train,34,0,4.0,2,2,0
train,34,0,8.0,23,8,7
train,34,1,2.0,0,0,0
train,34,1,4.0,3,3,0
train,34,1,8.0,25,8,7
train,34,2,2.0,0,0,0
train,34,2,4.0,6,5,1
train,34,2,8.0,25,10,6
train,34,3,2.0,0,0,0
train,34,3,4.0,5,4,1
train,34,3,8.0,25,10,6
train,34,4,2.0,0,0,0
train,34,4,4.0,7,6,1
train,34,4,8.0,24,10,5
train,34,5,2.0,0,0,0
train,34,5,4.0,7,7,0
train,34,5,8.0,24,10,5
train,34,6,2.0,0,0,0
train,34,6,4.0,7,6,1
train,34,6,8.0,25,11,5
train,34,7,2.0,0,0,0
train,34,7,4.0,6,5,1
train,34,7,8.0,26,11,5
train,35,0,2.0,1,1,0
train,35,0,4.0,6,6,0
train,35,0,8.0,24,10,6
train,35,1,2.0,1,1,0
train,35,1,4.0,7,6,1
train,35,1,8.0,24,10,6
train,35,2,2.0,1,1,0
train,35,2,4.0,8,6,2
train,35,2,8.0,24,10,6
train,35,3,2.0,1,1,0
train,35,3,4.0,9,7,2
train,35,3,8.0,24,10,6
train,35,4,2.0,1,1,0
train,35,4,4.0,9,7,2
train,35,4,8.0,22,8,6
train,35,5,2.0,1,1,0
train,35,5,4.0,9,7,2
train,35,5,8.0,22,8,6
train,35,6,2.0,0,0,0
train,35,6,4.0,9,5,3
train,35,6,8.0,23,8,7
train,35,7,2.0,0,0,0
train,35,7,4.0,8,5,3
train,35,7,8.0,23,8,7
train,36,0,2.0,5,5,0
train,36,0,4.0,15,10,5
train,36,0,8.0,44,15,11
train,36,1,2.0,5,5,0
train,36,1,4.0,15,10,5
train,36,1,8.0,42,14,11
train,36,2,2.0,4,4,0
train,36,2,4.0,14,11,3
train,36,2,8.0,43,14,12
train,36,3,2.0,4,4,0
train,36,3,4.0,16,13,3
train,36,3,8.0,43,14,12
train,36,4,2.0,3,3,0
train,36,4,4.0,17,13,4
train,36,4,8.0,42,13,12
train,36,5,2.0,4,4,0
train,36,5,4.0,17,14,3
train,36,5,8.0,42,14,12
train,36,6,2.0,4,4,0
train,36,6,4.0,18,13,3
train,36,6,8.0,42,15,11
train,36,7,2.0,3,3,0
train,36,7,4.0,17,10,7
train,36,7,8.0,42,15,11
train,37,0,2.0,5,5,0
train,37,0,4.0,13,9,4
train,37,0,8.0,40,13,11
train,37,1,2.0,5,5,0
train,37,1,4.0,14,11,3
train,37,1,8.0,42,15,11
train,37,2,2.0,5,5,0
train,37,2,4.0,16,12,4
train,37,2,8.0,41,15,12
train,37,3,2.0,5,5,0
train,37,3,4.0,16,12,4
train,37,3,8.0,39,15,11
train,37,4,2.0,6,6,0
train,37,4,4.0,16,12,4
train,37,4,8.0,38,15,11
train,37,5,2.0,7,7,0
train,37,5,4.0,16,10,4
train,37,5,8.0,38,14,11
train,37,6,2.0,7,7,0
train,37,6,4.0,17,11,4
train,37,6,8.0,40,14,10
train,37,7,2.0,5,5,0
train,37,7,4.0,18,12,6
train,37,7,8.0,40,14,10
train,38,0,2.0,0,0,0
train,38,0,4.0,6,6,0
train,38,0,8.0,25,11,6
train,38,1,2.0,0,0,0
train,38,1,4.0,5,5,0
train,38,1,8.0,24,11,5
train,38,2,2.0,0,0,0
train,38,2,4.0,6,5,1
train,38,2,8.0,22,11,5
train,38,3,2.0,0,0,0
train,38,3,4.0,7,6,1
train,38,3,8.0,23,11,6
train,38,4,2.0,0,0,0
train,38,4,4.0,7,7,0
train,38,4,8.0,24,9,8
train,38,5,2.0,0,0,0
train,38,5,4.0,7,6,1
train,38,5,8.0,23,9,8
train,38,6,2.0,2,2,0
train,38,6,4.0,6,5,1
train,38,6,8.0,23,9,8
train,38,7,2.0,1,1,0
train,38,7,4.0,6,5,1
train,38,7,8.0,22,9,6
train,39,0,2.0,0,0,0
train,39,0,4.0,8,7,1
train,39,0,8.0,22,9,7
train,39,1,2.0,0,0,0
train,39,1,4.0,5,4,1
train,39,1,8.0,22,9,6
train,39,2,2.0,0,0,0
train,39,2,4.0,5,4,1
train,39,2,8.0,21,8,6
train,39,3,2.0,0,0,0
train,39,3,4.0,3,3,0
train,39,3,8.0,22,8,6
train,39,4,2.0,0,0,0
train,39,4,4.0,3,3,0
train,39,4,8.0,22,8,6
train,39,5,2.0,1,1,0
train,39,5,4.0,3,2,1
train,39,5,8.0,22,9,6
train,39,6,2.0,1,1,0
train,39,6,4.0,3,2,1
train,39,6,8.0,22,9,5
train,39,7,2.0,1,1,0
train,39,7,4.0,2,2,0
train,39,7,8.0,19,8,6
train,40,0,2.0,2,2,0
train,40,0,4.0,17,10,4
train,40,0,8.0,43,15,11
train,40,1,2.0,4,4,0
train,40,1,4.0,16,11,3
train,40,1,8.0,43,15,11
train,40,2,2.0,4,4,0
train,40,2,4.0,16,11,3
train,40,2,8.0,42,14,11
train,40,3,2.0,4,4,0
train,40,3,4.0,16,12,3
train,40,3,8.0,42,14,11
train,40,4,2.0,6,6,0
train,40,4,4.0,16,11,3
train,40,4,8.0,44,15,11
train,40,5,2.0,5,5,0
train,40,5,4.0,15,11,3
train,40,5,8.0,42,15,9
train,40,6,2.0,5,5,0
train,40,6,4.0,14,10,3
train,40,6,8.0,42,15,9
train,40,7,2.0,5,5,0
train,40,7,4.0,14,9,4
train,40,7,8.0,41,14,11
train,41,0,2.0,6,5,1
train,41,0,4.0,18,12,5
train,41,0,8.0,40,15,9
train,41,1,2.0,5,5,0
train,41,1,4.0,20,12,6
train,41,1,8.0,40,15,9
train,41,2,2.0,5,5,0
train,41,2,4.0,18,13,4
train,41,2,8.0,39,15,11
train,41,3,2.0,5,5,0
train,41,3,4.0,20,14,6
train,41,3,8.0,39,14,11
train,41,4,2.0,4,4,0
train,41,4,4.0,20,14,4
train,41,4,8.0,37,14,10
train,41,5,2.0,4,4,0
train,41,5,4.0,20,14,3
train,41,5,8.0,37,13,9
train,41,6,2.0,6,6,0
train,41,6,4.0,20,12,5
train,41,6,8.0,37,14,9
train,41,7,2.0,6,6,0
train,41,7,4.0,20,11,6
train,41,7,8.0,37,14,10
train,42,0,2.0,1,1,0
train,42,0,4.0,6,6,0
train,42,0,8.0,23,9,7
train,42,1,2.0,1,1,0
train,42,1,4.0,6,6,0
train,42,1,8.0,22,9,7
train,42,2,2.0,2,2,0
train,42,2,4.0,5,5,0
train,42,2,8.0,22,9,7
train,42,3,2.0,2,2,0
train,42,3,4.0,4,4,0
train,42,3,8.0,23,10,7
train,42,4,2.0,1,1,0
train,42,4,4.0,3,3,0
train,42,4,8.0,24,10,6
train,42,5,2.0,2,2,0
train,42,5,4.0,3,3,0
train,42,5,8.0,23,10,6
train,42,6,2.0,2,2,0
train,42,6,4.0,3,3,0
train,42,6,8.0,22,10,5
train,42,7,2.0,2,2,0
train,42,7,4.0,3,3,0
train,42,7,8.0,22,9,6
train,43,0,2.0,1,1,0
train,43,0,4.0,1,1,0
train,43,0,8.0,17,8,4
train,43,1,2.0,0,0,0
train,43,1,4.0,1,1,0
train,43,1,8.0,17,8,4
train,43,2,2.0,0,0,0
train,43,2,4.0,1,1,0
train,43,2,8.0,17,7,4
train,43,3,2.0,0,0,0
train,43,3,4.0,1,1,0
train,43,3,8.0,17,6,5
train,43,4,2.0,0,0,0
train,43,4,4.0,1,1,0
train,43,4,8.0,13,6,4
train,43,5,2.0,0,0,0
train,43,5,4.0,0,0,0
train,43,5,8.0,14,6,5
train,43,6,2.0,0,0,0
train,43,6,4.0,0,0,0
train,43,6,8.0,13,6,4
train,43,7,2.0,0,0,0
train,43,7,4.0,0,0,0
train,43,7,8.0,11,5,4
train,44,0,2.0,5,5,0
train,44,0,4.0,13,10,3
train,44,0,8.0,41,14,11
train,44,1,2.0,4,4,0
train,44,1,4.0,12,9,3
train,44,1,8.0,40,13,10
train,44,2,2.0,4,4,0
train,44,2,4.0,12,9,3
train,44,2,8.0,39,13,9
train,44,3,2.0,3,3,0
train,44,3,4.0,12,8,3
train,44,3,8.0,38,13,9
train,44,4,2.0,2,2,0
train,44,4,4.0,11,7,3
train,44,4,8.0,35,12,8
train,44,5,2.0,2,2,0
train,44,5,4.0,11,7,3
train,44,5,8.0,34,11,8
train,44,6,2.0,2,2,0
train,44,6,4.0,11,6,3
train,44,6,8.0,34,12,6
train,44,7,2.0,2,2,0
train,44,7,4.0,11,6,3
train,44,7,8.0,33,11,6
train,45,0,2.0,6,5,1
train,45,0,4.0,20,11,6
train,45,0,8.0,37,14,10
train,45,1,2.0,6,6,0
train,45,1,4.0,20,11,6
train,45,1,8.0,37,14,10
train,45,2,2.0,6,6,0
train,45,2,4.0,21,10,6
train,45,2,8.0,36,12,9
train,45,3,2.0,7,7,0
train,45,3,4.0,21,11,8
train,45,3,8.0,35,11,8
train,45,4,2.0,7,7,0
train,45,4,4.0,19,10,7
train,45,4,8.0,35,12,8
train,45,5,2.0,6,6,0
train,45,5,4.0,19,10,8
train,45,5,8.0,35,13,7
train,45,6,2.0,6,6,0
train,45,6,4.0,18,11,4
train,45,6,8.0,35,13,10
train,45,7,2.0,7,7,0
train,45,7,4.0,16,10,5
train,45,7,8.0,35,13,9
train,46,0,2.0,2,2,0
train,46,0,4.0,3,3,0
train,46,0,8.0,22,9,6
train,46,1,2.0,2,2,0
train,46,1,4.0,4,4,0
train,46,1,8.0,21,11,4
train,46,2,2.0,2,2,0
train,46,2,4.0,4,4,0
train,46,2,8.0,20,12,3
train,46,3,2.0,0,0,0
train,46,3,4.0,4,4,0
train,46,3,8.0,19,10,4
train,46,4,2.0,0,0,0
train,46,4,4.0,4,4,0
train,46,4,8.0,19,11,3
train,46,5,2.0,0,0,0
train,46,5,4.0,5,5,0
train,46,5,8.0,19,10,4
train,46,6,2.0,0,0,0
train,46,6,4.0,5,5,0
train,46,6,8.0,19,9,5
train,46,7,2.0,1,1,0
train,46,7,4.0,4,4,0
train,46,7,8.0,19,9,5
train,47,0,2.0,0,0,0
train,47,0,4.0,0,0,0
train,47,0,8.0,8,5,2
train,47,1,2.0,0,0,0
train,47,1,4.0,0,0,0
train,47,1,8.0,6,4,1
train,47,2,2.0,0,0,0
train,47,2,4.0,0,0,0
train,47,2,8.0,6,4,1
train,47,3,2.0,0,0,0
train,47,3,4.0,0,0,0
train,47,3,8.0,6,3,2
train,47,4,2.0,0,0,0
train,47,4,4.0,1,1,0
train,47,4,8.0,7,5,2
train,47,5,2.0,0,0,0
train,47,5,4.0,1,1,0
train,47,5,8.0,7,6,1
train,47,6,2.0,0,0,0
train,47,6,4.0,1,1,0
train,47,6,8.0,7,6,1
train,47,7,2.0,0,0,0
train,47,7,4.0,1,1,0
train,47,7,8.0,7,6,1
train,48,0,2.0,2,2,0
train,48,0,4.0,10,6,3
train,48,0,8.0,32,11,6
train,48,1,2.0,2,2,0
train,48,1,4.0,8,6,2
train,48,1,8.0,30,10,5
train,48,2,2.0,2,2,0
train,48,2,4.0,8,7,1
train,48,2,8.0,28,9,6
train,48,3,2.0,1,1,0
train,48,3,4.0,8,6,2
train,48,3,8.0,27,10,5
train,48,4,2.0,0,0,0
train,48,4,4.0,7,5,2
train,48,4,8.0,27,11,5
train,48,5,2.0,0,0,0
train,48,5,4.0,7,5,2
train,48,5,8.0,26,11,5
train,48,6,2.0,0,0,0
train,48,6,4.0,7,5,2
train,48,6,8.0,25,11,5
train,48,7,2.0,0,0,0
train,48,7,4.0,6,5,1
train,48,7,8.0,23,10,4
train,49,0,2.0,7,7,0
train,49,0,4.0,17,10,5
train,49,0,8.0,34,14,7
train,49,1,2.0,6,6,0
train,49,1,4.0,15,9,5
train,49,1,8.0,33,13,8
train,49,2,2.0,6,6,0
train,49,2,4.0,13,9,3
train,49,2,8.0,31,11,8
train,49,3,2.0,6,6,0
train,49,3,4.0,13,9,3
train,49,3,8.0,31,11,9
train,49,4,2.0,6,6,0
train,49,4,4.0,13,9,4
train,49,4,8.0,31,12,7
train,49,5,2.0,5,4,1
train,49,5,4.0,12,7,3
train,49,5,8.0,30,11,6
train,49,6,2.0,4,4,0
train,49,6,4.0,12,7,3
train,49,6,8.0,30,10,6
train,49,7,2.0,4,4,0
train,49,7,4.0,12,8,2
train,49,7,8.0,29,9,7
train,50,0,2.0,1,1,0
train,50,0,4.0,4,4,0
train,50,0,8.0,19,10,5
train,50,1,2.0,1,1,0
train,50,1,4.0,3,3,0
train,50,1,8.0,19,9,6
train,50,2,2.0,0,0,0
train,50,2,4.0,3,2,1
train,50,2,8.0,19,10,6
train,50,3,2.0,0,0,0
train,50,3,4.0,2,2,0
train,50,3,8.0,19,12,5
train,50,4,2.0,0,0,0
train,50,4,4.0,2,2,0
train,50,4,8.0,20,11,5
train,50,5,2.0,0,0,0
train,50,5,4.0,2,2,0
train,50,5,8.0,19,11,4
train,50,6,2.0,0,0,0
train,50,6,4.0,1,1,0
train,50,6,8.0,20,9,6
train,50,7,2.0,0,0,0
train,50,7,4.0,1,1,0
train,50,7,8.0,19,10,4
train,51,0,2.0,1,1,0
train,51,0,4.0,1,1,0
train,51,0,8.0,7,6,1
train,51,1,2.0,1,1,0
train,51,1,4.0,1,1,0
train,51,1,8.0,7,6,1
train,51,2,2.0,1,1,0
train,51,2,4.0,1,1,0
train,51,2,8.0,7,6,1
train,51,3,2.0,1,1,0
train,51,3,4.0,2,2,0
train,51,3,8.0,7,7,0
train,51,4,2.0,1,1,0
train,51,4,4.0,2,2,0
train,51,4,8.0,7,6,1
train,51,5,2.0,1,1,0
train,51,5,4.0,3,3,0
train,51,5,8.0,7,6,1
train,51,6,2.0,0,0,0
train,51,6,4.0,3,3,0
train,51,6,8.0,7,6,1
train,51,7,2.0,1,1,0
train,51,7,4.0,4,4,0
train,51,7,8.0,7,6,1
train,52,0,2.0,0,0,0
train,52,0,4.0,5,4,1
train,52,0,8.0,22,10,3
train,52,1,2.0,0,0,0
train,52,1,4.0,6,5,1
train,52,1,8.0,20,8,4
train,52,2,2.0,0,0,0
train,52,2,4.0,5,4,1
train,52,2,8.0,20,8,3
train,52,3,2.0,0,0,0
train,52,3,4.0,4,4,0
train,52,3,8.0,18,9,3
train,52,4,2.0,0,0,0
train,52,4,4.0,3,3,0
train,52,4,8.0,18,8,4
train,52,5,2.0,0,0,0
train,52,5,4.0,2,2,0
train,52,5,8.0,15,9,4
train,52,6,2.0,0,0,0
train,52,6,4.0,2,2,0
train,52,6,8.0,15,9,5
train,52,7,2.0,0,0,0
train,52,7,4.0,2,2,0
train,52,7,8.0,14,9,4
train,53,0,2.0,3,3,0
train,53,0,4.0,11,7,3
train,53,0,8.0,29,9,6
train,53,1,2.0,3,3,0
train,53,1,4.0,11,7,3
train,53,1,8.0,29,9,6
train,53,2,2.0,2,2,0
train,53,2,4.0,11,5,3
train,53,2,8.0,27,10,5
train,53,3,2.0,2,2,0
train,53,3,4.0,9,6,2
train,53,3,8.0,27,10,5
train,53,4,2.0,2,2,0
train,53,4,4.0,9,7,1
train,53,4,8.0,26,10,5
train,53,5,2.0,1,1,0
train,53,5,4.0,8,5,2
train,53,5,8.0,24,9,5
train,53,6,2.0,1,1,0
train,53,6,4.0,7,5,1
train,53,6,8.0,24,9,6
train,53,7,2.0,1,1,0
train,53,7,4.0,6,5,1
train,53,7,8.0,20,9,5
train,54,0,2.0,0,0,0
train,54,0,4.0,1,1,0
train,54,0,8.0,19,10,4
train,54,1,2.0,0,0,0
train,54,1,4.0,2,2,0
train,54,1,8.0,19,10,3
train,54,2,2.0,0,0,0
train,54,2,4.0,2,2,0
train,54,2,8.0,18,9,3
train,54,3,2.0,0,0,0
train,54,3,4.0,2,2,0
train,54,3,8.0,17,9,4
train,54,4,2.0,0,0,0
train,54,4,4.0,1,1,0
train,54,4,8.0,15,7,4
train,54,5,2.0,0,0,0
train,54,5,4.0,1,1,0
train,54,5,8.0,13,6,4
train,54,6,2.0,0,0,0
train,54,6,4.0,1,1,0
train,54,6,8.0,13,6,4
train,54,7,2.0,1,1,0
train,54,7,4.0,1,1,0
train,54,7,8.0,11,6,4
train,55,0,2.0,0,0,0
train,55,0,4.0,5,5,0
train,55,0,8.0,7,5,1
train,55,1,2.0,0,0,0
train,55,1,4.0,5,5,0
train,55,1,8.0,7,5,1
train,55,2,2.0,0,0,0
train,55,2,4.0,3,3,0
train,55,2,8.0,7,7,0
train,55,3,2.0,0,0,0
train,55,3,4.0,3,3,0
train,55,3,8.0,7,6,1
train,55,4,2.0,0,0,0
train,55,4,4.0,3,3,0
train,55,4,8.0,7,6,1
train,55,5,2.0,0,0,0
train,55,5,4.0,3,3,0
train,55,5,8.0,7,6,1
train,55,6,2.0,0,0,0
train,55,6,4.0,3,2,1
train,55,6,8.0,7,6,1
train,55,7,2.0,0,0,0
train,55,7,4.0,3,2,1
train,55,7,8.0,6,5,1
val,56,0,2.0,0,0,0
val,56,0,4.0,2,2,0
val,56,0,8.0,8,5,3
val,56,1,2.0,0,0,0
val,56,1,4.0,2,2,0
val,56,1,8.0,7,5,2
val,56,2,2.0,0,0,0
val,56,2,4.0,1,1,0
val,56,2,8.0,7,5,2
val,56,3,2.0,0,0,0
val,56,3,4.0,1,1,0
val,56,3,8.0,7,5,2
val,56,4,2.0,0,0,0
val,56,4,4.0,1,1,0
val,56,4,8.0,7,5,2
val,56,5,2.0,0,0,0
val,56,5,4.0,1,1,0
val,56,5,8.0,7,5,2
val,56,6,2.0,0,0,0
val,56,6,4.0,2,2,0
val,56,6,8.0,7,7,0
val,56,7,2.0,0,0,0
val,56,7,4.0,2,2,0
val,56,7,8.0,7,7,0
val,57,0,2.0,0,0,0
val,57,0,4.0,2,2,0
val,57,0,8.0,6,6,0
val,57,1,2.0,0,0,0
val,57,1,4.0,2,2,0
val,57,1,8.0,8,7,1
val,57,2,2.0,0,0,0
val,57,2,4.0,2,2,0
val,57,2,8.0,8,7,1
val,57,3,2.0,0,0,0
val,57,3,4.0,3,3,0
val,57,3,8.0,8,6,2
val,57,4,2.0,0,0,0
val,57,4,4.0,2,2,0
val,57,4,8.0,8,5,3
val,57,5,2.0,0,0,0
val,57,5,4.0,2,2,0
val,57,5,8.0,9,6,3
val,57,6,2.0,0,0,0
val,57,6,4.0,2,2,0
val,57,6,8.0,10,7,3
val,57,7,2.0,0,0,0
val,57,7,4.0,2,2,0
val,57,7,8.0,10,8,2
val,58,0,2.0,1,1,0
val,58,0,4.0,1,1,0
val,58,0,8.0,6,6,0
val,58,1,2.0,1,1,0
val,58,1,4.0,1,1,0
val,58,1,8.0,8,6,2
val,58,2,2.0,1,1,0
val,58,2,4.0,1,1,0
val,58,2,8.0,8,6,2
val,58,3,2.0,1,1,0
val,58,3,4.0,1,1,0
val,58,3,8.0,8,6,2
val,58,4,2.0,1,1,0
val,58,4,4.0,1,1,0
val,58,4,8.0,8,6,2
val,58,5,2.0,1,1,0
val,58,5,4.0,1,1,0
val,58,5,8.0,8,6,2
val,58,6,2.0,1,1,0
val,58,6,4.0,1,1,0
val,58,6,8.0,8,7,1
val,58,7,2.0,1,1,0
val,58,7,4.0,1,1,0
val,58,7,8.0,8,7,1
val,59,0,2.0,0,0,0
val,59,0,4.0,1,1,0
val,59,0,8.0,4,3,1
val,59,1,2.0,0,0,0
val,59,1,4.0,1,1,0
val,59,1,8.0,5,4,1
val,59,2,2.0,0,0,0
val,59,2,4.0,1,1,0
val,59,2,8.0,5,4,1
val,59,3,2.0,0,0,0
val,59,3,4.0,1,1,0
val,59,3,8.0,5,4,1
val,59,4,2.0,0,0,0
val,59,4,4.0,1,1,0
val,59,4,8.0,5,4,1
val,59,5,2.0,1,1,0
val,59,5,4.0,1,1,0
val,59,5,8.0,6,4,2
val,59,6,2.0,1,1,0
val,59,6,4.0,2,2,0
val,59,6,8.0,6,5,1
val,59,7,2.0,1,1,0
val,59,7,4.0,2,2,0
val,59,7,8.0,6,5,1
val,60,0,2.0,0,0,0
val,60,0,4.0,2,2,0
val,60,0,8.0,7,7,0
val,60,1,2.0,0,0,0
val,60,1,4.0,2,2,0
val,60,1,8.0,7,6,1
val,60,2,2.0,0,0,0
val,60,2,4.0,3,3,0
val,60,2,8.0,7,6,1
val,60,3,2.0,0,0,0
val,60,3,4.0,3,2,1
val,60,3,8.0,7,6,1
val,60,4,2.0,0,0,0
val,60,4,4.0,2,2,0
val,60,4,8.0,7,5,2
val,60,5,2.0,0,0,0
val,60,5,4.0,3,3,0
val,60,5,8.0,7,5,2
val,60,6,2.0,0,0,0
val,60,6,4.0,3,3,0
val,60,6,8.0,7,5,2
val,60,7,2.0,0,0,0
val,60,7,4.0,3,3,0
val,60,7,8.0,7,5,2
val,61,0,2.0,0,0,0
val,61,0,4.0,2,2,0
val,61,0,8.0,10,8,2
val,61,1,2.0,0,0,0
val,61,1,4.0,2,2,0
val,61,1,8.0,10,8,2
val,61,2,2.0,1,1,0
val,61,2,4.0,2,2,0
val,61,2,8.0,10,8,2
val,61,3,2.0,1,1,0
val,61,3,4.0,2,2,0
val,61,3,8.0,10,8,2
val,61,4,2.0,1,1,0
val,61,4,4.0,2,2,0
val,61,4,8.0,10,7,3
val,61,5,2.0,1,1,0
val,61,5,4.0,2,2,0
val,61,5,8.0,10,7,3
val,61,6,2.0,1,1,0
val,61,6,4.0,2,2,0
val,61,6,8.0,10,7,3
val,61,7,2.0,1,1,0
val,61,7,4.0,2,2,0
val,61,7,8.0,10,6,4
val,62,0,2.0,1,1,0
val,62,0,4.0,1,1,0
val,62,0,8.0,8,6,2
val,62,1,2.0,0,0,0
val,62,1,4.0,1,1,0
val,62,1,8.0,8,6,2
val,62,2,2.0,0,0,0
val,62,2,4.0,1,1,0
val,62,2,8.0,8,6,2
val,62,3,2.0,0,0,0
val,62,3,4.0,1,1,0
val,62,3,8.0,8,6,2
val,62,4,2.0,0,0,0
val,62,4,4.0,1,1,0
val,62,4,8.0,8,6,2
val,62,5,2.0,0,0,0
val,62,5,4.0,1,1,0
val,62,5,8.0,9,6,2
val,62,6,2.0,0,0,0
val,62,6,4.0,1,1,0
val,62,6,8.0,9,6,3
val,62,7,2.0,0,0,0
val,62,7,4.0,0,0,0
val,62,7,8.0,8,5,3
val,63,0,2.0,1,1,0
val,63,0,4.0,2,2,0
val,63,0,8.0,6,5,1
val,63,1,2.0,1,1,0
val,63,1,4.0,2,2,0
val,63,1,8.0,6,5,1
val,63,2,2.0,1,1,0
val,63,2,4.0,2,2,0
val,63,2,8.0,6,5,1
val,63,3,2.0,1,1,0
val,63,3,4.0,2,2,0
val,63,3,8.0,6,6,0
val,63,4,2.0,1,1,0
val,63,4,4.0,2,2,0
val,63,4,8.0,6,6,0
val,63,5,2.0,1,1,0
val,63,5,4.0,2,2,0
val,63,5,8.0,6,6,0
val,63,6,2.0,1,1,0
val,63,6,4.0,2,2,0
val,63,6,8.0,6,5,1
val,63,7,2.0,1,1,0
val,63,7,4.0,2,2,0
val,63,7,8.0,6,5,1
val,64,0,2.0,0,0,0
val,64,0,4.0,3,3,0
val,64,0,8.0,7,5,2
val,64,1,2.0,0,0,0
val,64,1,4.0,3,3,0
val,64,1,8.0,7,5,2
val,64,2,2.0,0,0,0
val,64,2,4.0,3,3,0
val,64,2,8.0,7,5,2
val,64,3,2.0,0,0,0
val,64,3,4.0,3,3,0
val,64,3,8.0,7,5,2
val,64,4,2.0,0,0,0
val,64,4,4.0,3,3,0
val,64,4,8.0,7,5,2
val,64,5,2.0,1,1,0
val,64,5,4.0,3,3,0
val,64,5,8.0,7,5,2
val,64,6,2.0,1,1,0
val,64,6,4.0,3,3,0
val,64,6,8.0,7,6,1
val,64,7,2.0,1,1,0
val,64,7,4.0,4,4,0
val,64,7,8.0,8,6,2
val,65,0,2.0,1,1,0
val,65,0,4.0,2,2,0
val,65,0,8.0,9,6,3
val,65,1,2.0,1,1,0
val,65,1,4.0,2,2,0
val,65,1,8.0,8,5,3
val,65,2,2.0,1,1,0
val,65,2,4.0,2,2,0
val,65,2,8.0,8,6,2
val,65,3,2.0,1,1,0
val,65,3,4.0,2,2,0
val,65,3,8.0,8,6,2
val,65,4,2.0,1,1,0
val,65,4,4.0,2,2,0
val,65,4,8.0,9,6,2
val,65,5,2.0,1,1,0
val,65,5,4.0,2,2,0
val,65,5,8.0,9,6,2
val,65,6,2.0,1,1,0
val,65,6,4.0,2,2,0
val,65,6,8.0,9,6,2
val,65,7,2.0,0,0,0
val,65,7,4.0,3,3,0
val,65,7,8.0,9,5,3
val,66,0,2.0,0,0,0
val,66,0,4.0,0,0,0
val,66,0,8.0,8,5,3
val,66,1,2.0,0,0,0
val,66,1,4.0,0,0,0
val,66,1,8.0,8,5,3
val,66,2,2.0,0,0,0
val,66,2,4.0,1,1,0
val,66,2,8.0,8,6,2
val,66,3,2.0,0,0,0
val,66,3,4.0,2,2,0
val,66,3,8.0,8,7,1
val,66,4,2.0,0,0,0
val,66,4,4.0,3,3,0
val,66,4,8.0,7,6,1
val,66,5,2.0,0,0,0
val,66,5,4.0,4,4,0
val,66,5,8.0,7,5,2
val,66,6,2.0,0,0,0
val,66,6,4.0,4,4,0
val,66,6,8.0,8,5,3
val,66,7,2.0,0,0,0
val,66,7,4.0,4,3,1
val,66,7,8.0,8,5,3
val,67,0,2.0,1,1,0
val,67,0,4.0,2,2,0
val,67,0,8.0,6,5,1
val,67,1,2.0,1,1,0
val,67,1,4.0,2,2,0
val,67,1,8.0,6,5,1
val,67,2,2.0,1,1,0
val,67,2,4.0,3,3,0
val,67,2,8.0,6,5,1
val,67,3,2.0,1,1,0
val,67,3,4.0,4,4,0
val,67,3,8.0,6,5,1
val,67,4,2.0,1,1,0
val,67,4,4.0,4,4,0
val,67,4,8.0,6,5,1
val,67,5,2.0,1,1,0
val,67,5,4.0,4,4,0
val,67,5,8.0,6,5,1
val,67,6,2.0,1,1,0
val,67,6,4.0,4,4,0
val,67,6,8.0,6,5,1
val,67,7,2.0,0,0,0
val,67,7,4.0,4,3,1
val,67,7,8.0,6,5,1
test,68,0,2.0,0,0,0
test,68,0,4.0,4,3,1
test,68,0,8.0,8,6,2
test,68,1,2.0,0,0,0
test,68,1,4.0,4,3,1
test,68,1,8.0,8,6,2
test,68,2,2.0,0,0,0
test,68,2,4.0,4,3,1
test,68,2,8.0,8,6,2
test,68,3,2.0,0,0,0
test,68,3,4.0,3,2,1
test,68,3,8.0,8,5,3
test,68,4,2.0,1,1,0
test,68,4,4.0,4,3,1
test,68,4,8.0,8,6,2
test,68,5,2.0,1,1,0
test,68,5,4.0,3,2,1
test,68,5,8.0,8,5,3
test,68,6,2.0,1,1,0
test,68,6,4.0,3,2,1
test,68,6,8.0,8,5,3
test,68,7,2.0,1,1,0
test,68,7,4.0,3,2,1
test,68,7,8.0,8,5,3
test,69,0,2.0,2,2,0
test,69,0,4.0,4,4,0
test,69,0,8.0,9,5,4
test,69,1,2.0,2,2,0
test,69,1,4.0,4,4,0
test,69,1,8.0,9,5,4
test,69,2,2.0,2,2,0
test,69,2,4.0,4,4,0
test,69,2,8.0,9,5,4
test,69,3,2.0,2,2,0
test,69,3,4.0,4,4,0
test,69,3,8.0,9,5,4
test,69,4,2.0,2,2,0
test,69,4,4.0,4,4,0
test,69,4,8.0,9,5,4
test,69,5,2.0,2,2,0
test,69,5,4.0,4,4,0
test,69,5,8.0,9,5,4
test,69,6,2.0,2,2,0
test,69,6,4.0,4,4,0
test,69,6,8.0,9,5,4
test,69,7,2.0,2,2,0
test,69,7,4.0,4,4,0
test,69,7,8.0,9,5,4
test,70,0,2.0,1,1,0
test,70,0,4.0,3,3,0
test,70,0,8.0,7,4,3
test,70,1,2.0,1,1,0
test,70,1,4.0,3,3,0
test,70,1,8.0,7,4,3
test,70,2,2.0,1,1,0
test,70,2,4.0,3,3,0
test,70,2,8.0,7,4,3
test,70,3,2.0,1,1,0
test,70,3,4.0,4,3,1
test,70,3,8.0,7,4,3
test,70,4,2.0,2,2,0
test,70,4,4.0,4,4,0
test,70,4,8.0,7,4,3
test,70,5,2.0,2,2,0
test,70,5,4.0,4,4,0
test,70,5,8.0,7,4,3
test,70,6,2.0,1,1,0
test,70,6,4.0,4,3,1
test,70,6,8.0,7,4,3
test,70,7,2.0,2,2,0
test,70,7,4.0,4,4,0
test,70,7,8.0,7,4,3
test,71,0,2.0,1,1,0
test,71,0,4.0,3,3,0
test,71,0,8.0,8,7,1
test,71,1,2.0,1,1,0
test,71,1,4.0,3,3,0
test,71,1,8.0,8,7,1
test,71,2,2.0,1,1,0
test,71,2,4.0,3,3,0
test,71,2,8.0,8,7,1
test,71,3,2.0,1,1,0
test,71,3,4.0,3,3,0
test,71,3,8.0,8,7,1
test,71,4,2.0,1,1,0
test,71,4,4.0,3,3,0
test,71,4,8.0,8,6,2
test,71,5,2.0,1,1,0
test,71,5,4.0,4,4,0
test,71,5,8.0,8,6,2
test,71,6,2.0,1,1,0
test,71,6,4.0,4,4,0
test,71,6,8.0,8,6,2
test,71,7,2.0,1,1,0
test,71,7,4.0,4,4,0
test,71,7,8.0,8,4,4
test,72,0,2.0,1,1,0
test,72,0,4.0,3,2,1
test,72,0,8.0,8,5,3
test,72,1,2.0,1,1,0
test,72,1,4.0,3,2,1
test,72,1,8.0,8,5,3
test,72,2,2.0,1,1,0
test,72,2,4.0,3,2,1
test,72,2,8.0,8,5,3
test,72,3,2.0,1,1,0
test,72,3,4.0,3,2,1
test,72,3,8.0,8,5,3
test,72,4,2.0,1,1,0
test,72,4,4.0,3,2,1
test,72,4,8.0,8,5,3
test,72,5,2.0,1,1,0
test,72,5,4.0,3,2,1
test,72,5,8.0,8,5,3
test,72,6,2.0,1,1,0
test,72,6,4.0,3,2,1
test,72,6,8.0,8,5,3
test,72,7,2.0,1,1,0
test,72,7,4.0,3,2,1
test,72,7,8.0,8,5,3
test,73,0,2.0,2,2,0
test,73,0,4.0,4,4,0
test,73,0,8.0,9,5,4
test,73,1,2.0,2,2,0
test,73,1,4.0,4,4,0
test,73,1,8.0,8,5,3
test,73,2,2.0,2,2,0
test,73,2,4.0,4,4,0
test,73,2,8.0,8,5,3
test,73,3,2.0,2,2,0
test,73,3,4.0,4,4,0
test,73,3,8.0,8,5,3
test,73,4,2.0,2,2,0
test,73,4,4.0,4,4,0
test,73,4,8.0,8,5,3
test,73,5,2.0,2,2,0
test,73,5,4.0,4,4,0
test,73,5,8.0,8,5,3
test,73,6,2.0,2,2,0
test,73,6,4.0,4,4,0
test,73,6,8.0,8,5,3
test,73,7,2.0,2,2,0
test,73,7,4.0,4,4,0
test,73,7,8.0,8,5,3
test,74,0,2.0,2,2,0
test,74,0,4.0,4,4,0
test,74,0,8.0,7,4,3
test,74,1,2.0,2,2,0
test,74,1,4.0,4,4,0
test,74,1,8.0,8,5,3
test,74,2,2.0,2,2,0
test,74,2,4.0,4,4,0
test,74,2,8.0,8,5,3
test,74,3,2.0,2,2,0
test,74,3,4.0,4,4,0
test,74,3,8.0,8,5,3
test,74,4,2.0,2,2,0
test,74,4,4.0,4,4,0
test,74,4,8.0,7,5,2
test,74,5,2.0,2,2,0
test,74,5,4.0,3,3,0
test,74,5,8.0,7,5,2
test,74,6,2.0,2,2,0
test,74,6,4.0,3,3,0
test,74,6,8.0,7,5,2
test,74,7,2.0,2,2,0
test,74,7,4.0,4,4,0
test,74,7,8.0,7,5,2
test,75,0,2.0,1,1,0
test,75,0,4.0,4,4,0
test,75,0,8.0,8,4,4
test,75,1,2.0,1,1,0
test,75,1,4.0,3,3,0
test,75,1,8.0,8,4,3
test,75,2,2.0,1,1,0
test,75,2,4.0,3,3,0
test,75,2,8.0,8,5,3
test,75,3,2.0,1,1,0
test,75,3,4.0,3,3,0
test,75,3,8.0,8,5,3
test,75,4,2.0,1,1,0
test,75,4,4.0,3,3,0
test,75,4,8.0,7,5,2
test,75,5,2.0,2,2,0
test,75,5,4.0,3,3,0
test,75,5,8.0,7,5,2
test,75,6,2.0,2,2,0
test,75,6,4.0,3,3,0
test,75,6,8.0,7,5,2
test,75,7,2.0,2,2,0
test,75,7,4.0,3,3,0
test,75,7,8.0,7,5,2
test,76,0,2.0,1,1,0
test,76,0,4.0,3,2,1
test,76,0,8.0,8,5,3
test,76,1,2.0,1,1,0
test,76,1,4.0,3,3,0
test,76,1,8.0,8,5,3
test,76,2,2.0,0,0,0
test,76,2,4.0,3,2,1
test,76,2,8.0,7,4,3
test,76,3,2.0,1,1,0
test,76,3,4.0,3,3,0
test,76,3,8.0,7,4,3
test,76,4,2.0,1,1,0
test,76,4,4.0,3,3,0
test,76,4,8.0,7,4,3
test,76,5,2.0,1,1,0
test,76,5,4.0,3,3,0
test,76,5,8.0,7,4,3
test,76,6,2.0,1,1,0
test,76,6,4.0,3,3,0
test,76,6,8.0,7,4,3
test,76,7,2.0,1,1,0
test,76,7,4.0,3,3,0
test,76,7,8.0,7,4,3
test,77,0,2.0,2,2,0
test,77,0,4.0,4,4,0
test,77,0,8.0,8,4,4
test,77,1,2.0,2,2,0
test,77,1,4.0,4,4,0
test,77,1,8.0,8,4,4
test,77,2,2.0,2,2,0
test,77,2,4.0,4,4,0
test,77,2,8.0,8,4,4
test,77,3,2.0,2,2,0
test,77,3,4.0,4,4,0
test,77,3,8.0,8,4,4
test,77,4,2.0,2,2,0
test,77,4,4.0,4,4,0
test,77,4,8.0,8,4,4
test,77,5,2.0,2,2,0
test,77,5,4.0,4,4,0
test,77,5,8.0,8,4,4
test,77,6,2.0,2,2,0
test,77,6,4.0,4,4,0
test,77,6,8.0,8,4,4
test,77,7,2.0,2,2,0
test,77,7,4.0,4,4,0
test,77,7,8.0,8,4,4
test,78,0,2.0,2,2,0
test,78,0,4.0,4,4,0
test,78,0,8.0,7,5,2
test,78,1,2.0,2,2,0
test,78,1,4.0,4,4,0
test,78,1,8.0,9,5,4
test,78,2,2.0,2,2,0
test,78,2,4.0,4,4,0
test,78,2,8.0,9,5,4
test,78,3,2.0,1,1,0
test,78,3,4.0,4,3,1
test,78,3,8.0,9,5,4
test,78,4,2.0,1,1,0
test,78,4,4.0,4,3,1
test,78,4,8.0,9,5,4
test,78,5,2.0,1,1,0
test,78,5,4.0,4,3,1
test,78,5,8.0,9,5,4
test,78,6,2.0,1,1,0
test,78,6,4.0,4,3,1
test,78,6,8.0,9,5,4
test,78,7,2.0,1,1,0
test,78,7,4.0,4,3,1
test,78,7,8.0,9,5,4
test,79,0,2.0,2,2,0
test,79,0,4.0,2,2,0
test,79,0,8.0,7,5,1
test,79,1,2.0,2,2,0
test,79,1,4.0,2,2,0
test,79,1,8.0,8,5,2
test,79,2,2.0,1,1,0
test,79,2,4.0,2,2,0
test,79,2,8.0,8,5,2
test,79,3,2.0,1,1,0
test,79,3,4.0,3,3,0
test,79,3,8.0,8,5,2
test,79,4,2.0,1,1,0
test,79,4,4.0,3,3,0
test,79,4,8.0,8,5,2
test,79,5,2.0,2,2,0
test,79,5,4.0,3,3,0
test,79,5,8.0,8,4,3
test,79,6,2.0,2,2,0
test,79,6,4.0,3,3,0
test,79,6,8.0,8,5,2
test,79,7,2.0,2,2,0
test,79,7,4.0,3,3,0
test,79,7,8.0,8,5,2
