variant,scene_id,seed,primary_id,ADE_delta,FDE_delta
no_neighbours,68,42,1,-0.10165715217590332,-0.21217548847198486
no_neighbours,69,42,17,-0.011755168437957764,-0.06275737285614014
no_neighbours,70,42,33,0.008364439010620117,0.05963236093521118
no_neighbours,71,42,49,-0.13246691226959229,-0.21864652633666992
no_neighbours,72,42,1,-0.20048421621322632,-0.41628730297088623
no_neighbours,73,42,17,-0.05357789993286133,-0.13456714153289806
no_neighbours,74,42,33,0.037580907344818115,0.09271341562271118
no_neighbours,75,42,49,-0.02841019630432129,-0.017966508865356667
no_neighbours,76,42,1,-0.13349711894989014,-0.2560492753982544
no_neighbours,77,42,17,-0.039736807346343994,-0.08375310897827148
no_neighbours,78,42,33,-0.035234034061431885,-0.13440144062042259
no_neighbours,79,42,49,0.026001930236816406,0.08178329467773438
no_neighbours,68,43,1,0.014785051345825195,0.09546124935150146
no_neighbours,69,43,17,-0.02616339921951294,-0.011569023132324219
no_neighbours,70,43,33,0.2565498054027558,0.6279365420341492
no_neighbours,71,43,49,-0.1027902364730835,-0.06784677505493164
no_neighbours,72,43,1,-0.0009579062461853027,0.09577250480651855
no_neighbours,73,43,17,0.05466580390930176,0.1369251012802124
no_neighbours,74,43,33,0.16786661744117737,0.35886311531066895
no_neighbours,75,43,49,0.017620503902435303,0.1423243284225464
no_neighbours,76,43,1,0.06614875793457031,0.2021738290786741
no_neighbours,77,43,17,0.018445849418640137,0.031063199043273926
no_neighbours,78,43,33,0.045449256896972656,0.06251513957977295
no_neighbours,79,43,49,-0.03464341163635254,0.0799570083618164
no_neighbours,68,44,1,-0.17679053544998174,-0.2916664481163025
no_neighbours,69,44,17,-0.13757330179214478,-0.30511558055877663
no_neighbours,70,44,33,-0.09280216693878174,-0.17602813243865967
no_neighbours,71,44,49,-0.25030460953712463,-0.47461140155792236
no_neighbours,72,44,1,-0.24877861142158514,-0.4080168008804319
no_neighbours,73,44,17,-0.19097808003425604,-0.4370434284210204
no_neighbours,74,44,33,-0.10223531723022461,-0.1405172348022462
no_neighbours,75,44,49,-0.18351858854293823,-0.2768781185150142
no_neighbours,76,44,1,-0.17101126909255981,-0.284930944442749
no_neighbours,77,44,17,-0.19620376825332647,-0.40412408113479614
no_neighbours,78,44,33,-0.0710555911064148,-0.11886835098266602
no_neighbours,79,44,49,-0.13081353902816772,-0.24541068077087402
small_grid,68,42,1,0.041036367416381836,-0.005773901939392312
small_grid,69,42,17,0.1369704008102417,0.23225414752960205
small_grid,70,42,33,0.12720268964767456,0.25767117738723755
small_grid,71,42,49,0.012762784957885742,0.010438919067382812
small_grid,72,42,1,0.004654407501220703,-0.05287122726440452
small_grid,73,42,17,0.09731876850128174,0.15336477756500244
small_grid,74,42,33,0.12745183706283564,0.2057231068611145
small_grid,75,42,49,0.06998670101165771,0.10146808624267578
small_grid,76,42,1,0.020092248916625977,0.01451694965362571
small_grid,77,42,17,0.10707330703735352,0.18081939220428467
small_grid,78,42,33,0.13108354806900024,0.1542356014251709
small_grid,79,42,49,0.1466989517211914,0.25328564643859863
small_grid,68,43,1,0.07784056663513184,0.15032660961151123
small_grid,69,43,17,-0.002685368061065674,-0.02488887310028054
small_grid,70,43,33,0.2991118729114533,0.7128542065620425
small_grid,71,43,49,0.05156683921813965,0.21425664424896262
small_grid,72,43,1,0.0847126841545105,0.22405290603637695
small_grid,73,43,17,0.044410765171051025,0.04057633876800537
small_grid,74,43,33,0.11023634672164917,0.20769357681274414
small_grid,75,43,49,0.12565302848815918,0.29573798179626465
small_grid,76,43,1,0.0968860387802124,0.22941720485687256
small_grid,77,43,17,-0.024448692798614502,-0.11672145128250122
small_grid,78,43,33,0.03690385818481445,0.00927591323852539
small_grid,79,43,49,0.07111436128616333,0.23592698574066184
small_grid,68,44,1,0.002188444137573242,-0.04641401767730713
small_grid,69,44,17,0.05558866262435913,-0.027545452117919922
small_grid,70,44,33,0.21042895317077637,0.3921900987625122
small_grid,71,44,49,0.09535771608352661,0.0826042890548706
small_grid,72,44,1,-0.023132801055908203,-0.0899956226348877
small_grid,73,44,17,0.045459628105163574,-0.09622311592102051
small_grid,74,44,33,0.05822384357452398,0.03199046850204457
small_grid,75,44,49,0.08525091409683216,0.09611630439758323
small_grid,76,44,1,0.05447453260421753,0.008764982223510742
small_grid,77,44,17,0.01602637767791748,-0.0776207447052002
small_grid,78,44,33,0.07094335556030273,0.04988253116607666
small_grid,79,44,49,0.1426372528076172,0.1918964385986328
large_grid,68,42,1,0.031495630741119385,-0.009501814842224121
large_grid,69,42,17,0.054248690605163574,0.010331392288208008
large_grid,70,42,33,0.24539309740066528,0.4897227883338928
large_grid,71,42,49,0.038597822189331055,0.06043446063995361
large_grid,72,42,1,0.013421356678009033,-0.03863418102264404
large_grid,73,42,17,0.13562357425689697,0.20105266571044922
large_grid,74,42,33,0.24169179797172546,0.4609115719795227
large_grid,75,42,49,0.12889784574508667,0.2324049472808838
large_grid,76,42,1,0.10806584358215332,0.1700800657272341
large_grid,77,42,17,0.10766887664794922,0.1323636770248413
large_grid,78,42,33,0.13133543729782104,0.15799105167388916
large_grid,79,42,49,0.1367330551147461,0.20754718780517578
large_grid,68,43,1,0.20725178718566895,0.43390822410583496
large_grid,69,43,17,0.09511089324951172,0.15995657444000244
large_grid,70,43,33,0.29558160901069647,0.6380626559257507
large_grid,71,43,49,0.05858731269836426,0.16874730587005615
large_grid,72,43,1,0.182603120803833,0.38715648651123047
large_grid,73,43,17,0.19998055696487427,0.36506175994873047
large_grid,74,43,33,0.26543852686882025,0.519559383392334
large_grid,75,43,49,0.21905761957168568,0.48781049251556374
large_grid,76,43,1,0.24213898181915283,0.49002230167388916
large_grid,77,43,17,0.1332433819770813,0.1844658851623533
large_grid,78,43,33,0.16304022073745728,0.26944732666015625
large_grid,79,43,49,0.0635271668434143,0.14090752601623535
large_grid,68,44,1,-0.10653233528137207,-0.18736648559570312
large_grid,69,44,17,-0.16026455163955688,-0.39063799381256115
large_grid,70,44,33,0.004906296730041504,-0.04869532585144043
large_grid,71,44,49,-0.2589229643344879,-0.5463769435882568
large_grid,72,44,1,-0.18126130104064941,-0.32544755935668945
large_grid,73,44,17,-0.12742376327514648,-0.3496122360229492
large_grid,74,44,33,-0.004504293203353882,-0.008386075496673584
large_grid,75,44,49,-0.11028426885604858,-0.20373439788818337
large_grid,76,44,1,-0.08191114664077759,-0.18365561962127686
large_grid,77,44,17,-0.14357197284698486,-0.3893219828605653
large_grid,78,44,33,0.0017322301864624023,-0.004724383354187012
large_grid,79,44,49,-0.1288926601409912,-0.295180082321167
sum_pool,68,42,1,0.05871516466140747,0.03602337837219238
sum_pool,69,42,17,0.11554068326950073,0.06658792495727539
sum_pool,70,42,33,0.16746997833251953,0.3225204348564148
sum_pool,71,42,49,0.05335426330566406,0.05699348449707031
sum_pool,72,42,1,0.00569307804107666,-0.05824410915374756
sum_pool,73,42,17,0.14138758182525635,0.16913831233978271
sum_pool,74,42,33,0.1950882375240326,0.34052222967147827
sum_pool,75,42,49,0.17621105909347523,0.3089815378189087
sum_pool,76,42,1,0.06723427772521973,0.0650531053543093
sum_pool,77,42,17,0.14548969268798828,0.17030906677246094
sum_pool,78,42,33,0.12782925367355347,0.1646188497543335
sum_pool,79,42,49,0.15773743391036987,0.21514892578125
sum_pool,68,43,1,0.08497065305709839,0.20639419555664062
sum_pool,69,43,17,0.17216598987579346,0.30887460708618186
sum_pool,70,43,33,0.13885423541069036,0.28912562131881714
sum_pool,71,43,49,0.12080323696136475,0.2961437702178955
sum_pool,72,43,1,0.02583324909210205,0.10568892955780029
sum_pool,73,43,17,0.13948547840118408,0.26478755474090576
sum_pool,74,43,33,0.1907817721366883,0.35368192195892334
sum_pool,75,43,49,0.14161640405654907,0.2852696180343628
sum_pool,76,43,1,0.14703333377838135,0.30457794666290283
sum_pool,77,43,17,0.14137285947799683,0.25500690937042236
sum_pool,78,43,33,0.16704922914505005,0.2919628620147705
sum_pool,79,43,49,0.08041083812713623,0.1506519317626953
sum_pool,68,44,1,0.005962491035461426,0.024869799613952637
sum_pool,69,44,17,0.06904429197311401,0.1302196979522705
sum_pool,70,44,33,0.10321849584579468,0.1795443296432495
sum_pool,71,44,49,0.0870206356048584,0.12931764125823975
sum_pool,72,44,1,-0.018958330154418945,-0.012102127075195312
sum_pool,73,44,17,0.060921669006347656,0.10755467414855957
sum_pool,74,44,33,0.0552318692207337,0.07575350999832142
sum_pool,75,44,49,0.04871487617492676,0.07606661319732688
sum_pool,76,44,1,0.08269280195236206,0.162040114402771
sum_pool,77,44,17,0.08080017566680908,0.14862120151519775
sum_pool,78,44,33,0.025705337524414062,0.05292367935180664
sum_pool,79,44,49,0.045802295207977295,0.07004892826080322
